id,text,title,date,president
1,"大會主席、各位貴賓、各位親愛的父老兄弟姐妹：
今天是中華民國八十六年國慶日，海內外同胞用熱烈的活動，慶祝我們國家的生日；也用歡喜的心情，慶祝我們攜手奮鬥的輝煌成就。
八十六年來，中華民國經歷了許多的挫折和危難，但是，在全體同胞的精誠團結、齊心努力下，終能一再克服挑戰，衝破難關，進而開創出民主、自由、繁榮的歷史新局。
今天，在政治上，我們已經實現了「主權在民」的理想，昂然邁進全民民主的新時代；在經濟上，我們不但締造了舉世矚目的「臺灣經濟奇蹟」，更將以亞太營運中心的計畫，開展經濟永續成長的繁榮前景；在社會發展上，我們已經營造了自由開放的環境，激發多元的社會生命力，並在體現公平正義的基礎上，推展全面的社會改造工程，建設現代化文明社會。
然而，歷史的巨輪不斷向前，國家的發展也永無止境。面對即將來臨的二十一世紀，我們不能自滿於既有的成就，而必須以更前瞻的思維，和更積極的作為，致力改革，推動建設，才能在激烈的國際競爭中取得領先，為國家奠定更堅實的發展基礎，開創更恢宏的發展格局。
我們相信，自由是全人類共同追求的目標，民主是世界文明發展的方向。中華民國在實踐自由民主的理想之後，也願善盡心力，與國際社會分享發展經驗，為全世界的和平、合作與繁榮，作出具體貢獻。同時，我們也秉持善意，積極推動兩岸關係，希望兩岸的中國人能在自由、民主、均富的基礎上追求統一，共享繁榮與安定。深盼中共當局能體認世界潮流趨勢，務實面對兩岸分治的事實，以民眾的福祉為依歸，共創兩岸雙贏的新紀元。
各位親愛的父老兄弟姐妹：在這個深具歷史意義的偉大日子，我們回顧過去，對自己的成就，感到無比自豪；而展望未來，也讓我們對國家的前途，充滿信心。只要我們繼續堅持民主改革的理想，發揮團結奮鬥的精神，就一定能掌握發展契機，開創國家更輝煌燦爛的前景！
敬祝中華民國國運昌隆！大家健康愉快，謝謝各位！
::::::::::::",總統蒞臨中華民國八十六年國慶大會致詞,1997-10-15,李登輝
2,"大會主席、各位貴賓、各位親愛的父老兄弟姊妹：
今天是中華民國八十七年國慶日，海內外同胞用最歡喜的心情和最熱烈的活動，慶祝國家的生日，充分展現我國民主開放社會的蓬勃活力，也顯示全民團結奮鬥的堅定決心，更象徵我們國家永續繁榮的光明前途。
中華民國是亞洲第一個民主共和國。八十七年來，儘管不斷遭遇危難與挫折，但是，我們一貫堅持國父孫中山先生的建國理念，奮鬥不懈，終能一再克服困難，開創新局。今天，自由、民主、繁榮的中華民國，已經在世界文明史上，樹立了新的典範，更為中華民族的未來發展，帶來新的希望。
前瞻新世紀，我們必須以鞏固民主憲政為主軸，精簡行政組織，推動政府再造，提高國家競爭力；以彰顯公平正義為理念，營造和諧有序、活潑有力的新社會；以確保經濟繁榮為基礎，提升產業發展，增進人民生活福祉；以維護國家安全為使命，建構現代化國防武力，強化區域安全保障；以增進世界和平、合作、繁榮為理想，推展務實外交，參與國際社會，提升我國國際地位；以民主、自由、均富為目標，推動臺海兩岸和平對等交流，促進互利共榮關係，創造全體中國人的長遠福祉。
各位親愛的父老兄弟姊妹：國慶日是我們緬懷過去光榮史頁，前瞻國家未來發展的時刻。面對新世紀與新挑戰，相信只要我們堅持建國理想，發揮奮鬥精神，團結心力，就一定能克服考驗，締造國家發展的新紀元！
敬祝中華民國國運昌隆！大家健康快樂！謝謝。
::::::::::::",總統蒞臨中華民國八十七年國慶大會致詞,1998-10-14,李登輝
3,"各位女士、各位先生：
今天是中華民國八十八年國慶日。每年的這一天，我們都無比歡喜的慶祝國家的生日。但是，今天，我們卻要以肅穆的心情，重新思考立國精神，凝聚團結共識，期能超越悲痛，開創未來。
九月二十一日凌晨，臺灣地區發生規模七點三的強烈地震，造成嚴重的傷亡和損失，不但震驚了國際社會，也在我們的心中，留下了永遠的傷痛。
兩個多星期來，登輝深入災區，實地了解災變的情況與救災的進度。面對殘破的家園，和受苦的同胞，登輝有著極深的哀痛，但也更堅定了與全民一同奮鬥，重建家園的決心。
事實上，自地震發生以來，政府機關、民間團體、全國民眾都展現了最高的效能，全力投入救災、救難工作，充分發揮了同胞之愛與手足之情，讓災區民眾獲得及時的照顧，也感受到人情的溫暖。這種攜手同心，共度難關的信念與勇氣，將是我們重新出發，建設美麗家園的最大動力。
而震災發生之後，國際社會的關懷和援助，以及海外僑胞的熱烈捐輸，更讓我們備感溫馨。特別是亞洲、歐洲、美洲的二十個國家及聯合國，共派遣了三十八個救援團隊，七百多名救援人員，來臺參與救災工作。登輝在此，要代表中華民國政府和人民，對國際社會的關懷和協助，表達最誠摯的謝意。同時，也要重申，今後中華民國將以更積極的作為，善盡國際義務，為國際社會的發展，作出具體的貢獻。
各位女士、各位先生：苦難的淬煉，是重生的契機。地震的發生，雖然在這片土地上，留下了無法彌合的傷痕，但是，我們有信心，也有決心，在大家的共同努力下，以最短的時間，完成重建工作。並在兼顧各地人文特色與民眾需求的基礎上，讓家園呈現和諧的新風貌，讓民眾享有安全的新生活。同時，我們更要堅定國家建設的步伐，為跨世紀的國家發展，開拓寬廣的空間：
在內政方面，我們要繼續推動政府再造、司法改革、教育改革，落實民主理念，增進政府效能，激發民間活力，強化國家整體實力，以因應未來更加激烈的國際競爭，厚植國家發展的有利基礎。
在經濟方面，我們要以自由化、國際化、多元化為主軸，積極排除投資障礙，加速產業升級，健全經濟體質，以維持經濟的穩定成長；同時，也要充分發揮我們既有的優勢條件，建設臺灣成為科技島，以開拓經濟發展的新紀元。
在社會建設方面，我們要充實社會福利制度，保障弱勢族群，以充分體現社會公義，建立高度人文關懷的現代社會；並要厲行法治，嚴防天然災害，加強維護治安，切實保障人民的生命財產安全。
在國防安全方面，我們要以防禦固守、有效嚇阻的戰略原則，持續推動國軍精實案，完成二代兵力整建，確保國家安全。同時，要積極參與亞太區域安全機制，共同促進世界的和平、合作與繁榮。
在兩岸關係方面，我們了解，當前國家尚未統一，臺海兩岸對「一個中國」各有不同的看法。但我們認為，兩岸關係為特殊的國與國關係，乃是歷史與法律的事實。兩岸應當正視此一事實，並以此為基礎，推動建設性對話，經由對等分治、和平競賽，追求未來的和平統一。中華民國在臺灣創造了中國歷史上前所未有的民主境界，更已在中國大陸走向現代化的過程中，發揮了典範作用。希望中共當局早日進行民主改革，為兩岸的逐步融合創造有利條件。
各位女士、各位先生：中華民國自建國以來，曾遭逢無數艱險挑戰，但在全國民眾的堅忍奮鬥之下，終能不斷突破困境，開創新局。特別是五十年來，由於朝野一心的團結努力，我們更在臺灣地區締造了自由、民主、繁榮的輝煌成就。今天，我們雖然因為震災的侵害，蒙受生命與資產的重大損失，但是，我們相信，苦難會讓我們更團結，困阨會讓我們更奮發。只要我們攜手同心，堅定意志，一定能化創痛為重建契機，集眾志為新生力量，昂首闊步邁向新世紀，建設我們共同的美麗家園！
::::::::::::",總統蒞臨中華民國八十八年國慶大會致詞,1999-10-13,李登輝
4,"各位貴賓、各位女士、各位先生：
今天是中華民國八十九年國慶，我們以欣慰又嚴肅的心情來慶祝國家的生日。今年的雙十國慶，較之以往具有特別的歷史意義。
在二十世紀行將結束之前，兩千三百萬臺灣人民，用愛與勇氣實現了中華民國歷史上，同時也是全球華人社會中第一次的政黨輪替與政權和平轉移。
多年來，在臺灣歷經了戒嚴與威權統治之後，我們終於可以用民主的選票，驕傲地向全世界宣布：臺灣人民站起來了！臺灣真正融入民主自由的世界潮流之中了！
從五月二十日宣誓就職的那一刻起，個人感受到的不是滿足的欣慰跟喜悅，而是沈重的負擔和責任。在選戰激情逐漸退卻之後，我們面對的不僅僅是過去威權統治政權所遺留下來的沈痾弊端，來自中共的文攻武嚇與統戰分化，更時時刻刻考驗著新政府的智慧。
因此，維持一個穩定、和平、安全的大環境，就成為新政府施政的首要目標。因為，如果無法在最短的時間內改善兩岸緊張情勢、鞏固外交關係以及提升軍心士氣，我們絕對不可能在國家安全和外交地位未獲得確保的前提下，全心全力進行各項國內的改革。
我們深知，全體同胞對新政府望治心切，國際社會更對新政府如何確保臺海和平拭目以待。然而，改革絕非一蹴可幾，數十年來積累的包袱不是幾個月的努力可以完全革除。兩岸關係的正常化也需要更大的智慧和耐心來完成。
新政府上任近五個月來，我們感受到來自在野黨與人民對新政府最嚴格的監督與批評，我們虛心就教，努力改進。經過適當的調整與適應，新政府已經擺脫新手上路的摸索期，逐步從崎嶇蜿蜒的山路進入平坦順利的道路，未來將是政府全力衝刺的階段。我們有充分的信心，新的政府團隊絕對能夠按部就班，積極有效率地展開各項改革的工程。
審視現階段國內外情勢，為儘速展開國家跨世紀建設，實現人民對政府的期待，我們必須掌握國際潮流，體察國內需求，具體落實以下興革措施：
在內政改革方面，我們要展現魄力和決心，掃除黑金貪污、提升政府效率、改善社會治安、加速司法革新、落實教育改革，建立政府與民間企業的夥伴關係，以厚植國家發展的堅固基礎，因應日愈激烈的國際競爭。
在經濟發展方面，我們要與全球「知識經濟」發展的潮流同步，以臺灣本身在高科技領域的比較優勢，實踐「綠色矽島」的願景。同時，我們也要協助傳統產業進行必要的轉型以及體質的提升，並且排除對外資的投資障礙，加速產業升級，以因應加入世界貿易組織後更為自由化、國際化的挑戰。
在社會安全方面，我們要強化對天災的預防，揚棄個人自掃門前雪與相互推諉責任的偏狹心態，凝聚同舟共濟、聞聲救苦的社區意識。此外，我們也要落實社會正義和法治觀念，保障弱勢族群和團體福利，建立一個安全、安定與安心的生命共同體。
在國防安全方面，除了提升基本軍備，加強民防和心防，推動國軍精實方案之外，我們更應該以區域和平者的角色，支持亞太區域安全，維護世界和平。
在兩岸關係方面，我們要秉持最大的誠意和耐心來追求兩岸「善意的和解、積極的合作與永久的和平」。我們要再次呼籲兩岸領導人回到「九二年的精神」，擱置彼此爭議，儘速恢復對話和交流，如此才能打開兩岸僵局，共謀雙贏。同時，我們也要重申，兩岸問題的解決與臺灣的前途，必須尊重兩千三百萬臺灣人民自由意志的選擇。
各位貴賓、各位女士、各位先生，八十九年來，中華民國走過蓽路藍縷的草創初期，接受國外援助繼而自力更生，歷經殖民統治與威權政權，以「經濟奇蹟」贏得舉世讚譽，終於在世紀末以政黨輪替的民主「政治奇蹟」建構邁向新世紀的動力。
回首過去，即使面臨風雨飄搖與內憂外患，中華民國仍然屹立不搖，勇往直前。這證明臺灣人民永不屈撓、奮鬥不懈的堅毅精神。我們在經濟發展與政治民主上的成就，足以讓我們在世界上昂首闊步，深以為傲。
我們即將邁入一個新的紀元，新政府將本著過去所奠定的良好基礎，戮力改革，為中華民國注入「向上提升」的動能。個人也要誠摰呼籲全體同胞，在此世紀交替的重大時刻，我們要將國家利益和人民利益置於個人利益與黨派利益之上，以謀求後世子孫永久福祉為神聖的職志。
在這個光輝燦爛的日子，個人願意與兩千三百萬同胞，共同為中華民國祈福。
敬祝中華民國國運昌隆！全體國人同胞平安順心。
::::::",總統蒞臨中華民國八十九年國慶大會致詞,2000-10-18,陳水扁
5,"各位貴賓、各位女士、各位先生：
今天是中華民國九十歲的生日，也是新世紀的第一個雙十國慶。一年多前，我們以實現歷史上首度的政權和平移轉邁進新的紀元，兩千三百萬人民用愛與選票讓臺灣躋身民主自由的世界潮流。這項由全國同胞共同締造的民主成就，正是我們立足台灣、放眼全球的堅定基石！
然而，這是一個迎接希望的年代，也是一個充滿挑戰的年代。橫亙在眼前的除了是國內經濟轉型所遭遇的空前挑戰，還有近來桃芝、納莉颱風肆虐所帶來的災情，以及美國在九月十一日遭到恐怖份子攻擊事件所引發的國際效應。
這些國內外的事件顯示，世紀的交替並未如預期般為人類帶來恆久的光明與和平，詭譎多變的國際政經情勢與變幻莫測的天然災害已經為世紀之初製造許多苦難和不確定性。但正因為如此，我們更必須懷抱謙卑嚴肅的心情來面對人類文明的衝突以及大自然的反撲。
個人相信，風災所造成的災難總會過去，政府有絕對的信心和勇氣，協助民眾渡過難關，務求在最快、最短的時間內，以實際的行動來完成災後重建的工程。另一方面，政府必須與民眾一起記取教訓，深思檢討對生態保育與國土管理的嚴肅課題，並且以「防災重於救災」的思維作為未來災害防治的重心。
對於國際社會所發動的反恐怖行動，政府除了嚴厲譴責九一一恐怖攻擊事件的暴行之外，也支持美國政府打擊國際恐怖主義的必要作為。九一一事件所產生的影響是超越國界的，無論在政治或經濟層面上，臺灣都無法置身事外。面對未來國際局勢可能的變化，政府已經備妥各項應變措施，個人也要呼籲全國同胞沈著冷靜、團結一致，深切體認居安思危的重要性，進一步發揮臺灣人民「命運共同體」的精神。
一年多來，政府以維持一個穩定、和平、安全的大環境作為施政的首要目標，藉以確保臺灣民主得以鞏固，國內各項興革能夠順利推動。在國家安全方面，我們強化了國軍自我防衛的能力，並且確立了軍隊國家化與情治中立化的原則，兩岸關係也維持持續的和平穩定。在國際事務方面，除了鞏固友邦關係，我國也即將順利加入「世界貿易組織」，與一百四十個會員國建立經濟性的互動關係，全面與全球經貿體系接軌。
尤有甚者，在朝野與民間的共同努力下，八月底召開的「經濟發展諮詢委員會議」，已經達成以「深耕台灣、佈局全球」做為新世紀國家經濟發展願景和策略目標。而各黨派願意敞開心胸，共謀國家長久利益，更是成功踏出朝野政黨和解的第一步。
而為了強化社會安定，政府全力掃黑、肅貪、整頓金融、改善治安的決心也從未懈怠，各項成績亦陸續展現，逐步落實對人民的承諾。
面對未來，個人願意揭櫫政府四大施政重點作為全民共同努力的目標：
第一、重建經濟秩序：近來政府推動基層金融改革的行動係重建臺灣經濟秩序的決心展現，「金融六法」的通過則象徵此項重建金融體制的政策獲得朝野各界一致的肯定。面對我國即將加入「世界貿易組織」對國內部分產業帶來的衝擊，政府一定會作好萬全的準備，以健全經濟秩序，維持市場的公平與自主。
此外，有鑒於政府效能的提升對經濟活動的重要性，「經發會」所達成有關政府瘦身與組織再造的共識，F府一定會加以落實。政府決定在近期內邀請各界人士，組成「政府改造委員會」，以實踐「年輕臺灣、活力政府」的訴求，打造一個小而美、小而能的高效率政府。
第二、建立清明政治：年底的縣市長與立法委員選舉是政黨輪替之後國內首次舉行的選舉，也是考驗政府打擊黑金、掃除賄選、斷絕貪污、改善選風的關鍵時刻。政府誓言「向賄選宣戰、對黑金痛擊」，同時嚴懲貪污枉法之情事，以「消滅賄選、民主升級」作為建立乾淨選舉與清明政治的終極目標。
第三、塑造公民社會：公民參與係民主政治的常態，惟成熟民主的實踐乃展現在理性辯論與相互尊重的基礎上。美國歷經九一一的浩劫後，舉國上下莫不同仇敵愾、相互激勵、一致支持政府的危機處理，這是美國兩百年民主所塑造出的公民社會。
檢視過去一年多的經驗，臺灣政局是否穩定直接影響到經濟的發展與人民的信心。唯有追求政治和解與朝野合作的公民社會才能夠在穩定的發展中，創造全民最大的利多。因此，不管年底選舉結果如何，個人已經宣示籌組聯合政府的決心，「經發會」的運作模式將提供朝野合作與社會和諧的最佳典範。
第四、推動兩岸和解：政府一年多來積極促進兩岸關係正常化的努力雖然未能獲得中共善意的回應，但是我們仍將持之以恆，繼續推動。「經發會」達成有關兩岸政策的共識係秉持「台灣優先、全球佈局、互惠雙贏、風險管理」四大原則，以「積極開放、有效管理」取代「戒急用忍」，來建構穩健的兩岸經貿政策。在此一原則下，政府將致力推動包括建立兩岸資金流動的靈活機制、主動因應加入「世界貿易組織」及兩岸三通問題、積極推動大陸人士來台觀光、持續推動兩岸協商等。
個人也要再次呼籲中共領導人以宏觀的佈局，拋開過去僵化的思維模式，重新面對廿一世紀的兩岸關係，例如，以人道的關懷，打開目前僵滯局面，同時以雙方共同的文化資產、對和平的追求、以及讓兩岸雙贏的渴望，在經貿與文化交流中，打開政治的死結，唯有以彼此相互扶持的情懷才能解開沒有必要的歧見。
追求兩岸雙贏、維護亞太和平已是雙方領導人無可迴避的責任，否則無以向人民及歷史負責。我們應以廓然大度與善意因應，來創造新局。
各位貴賓、各位女士、各位先生：回顧一個世紀以來，中華民國在波濤洶湧中幾經挫折，但始終能夠屹立不搖，憑藉的就是對民主與自由經濟的信念、對土地的信仰、對人民的信任，以及對未來發展的信心，讓我們在無數次的橫流之中，以不畏艱難的韌性，克服最嚴苛的挑戰，在困境中勇往直前。
讓我們共同扛起責任、重建信心、讓臺灣再次向上提升，使臺灣新世紀的輝煌願景早日實現，也為後代子孫創造新格局的未來。
敬祝中華民國國運昌隆，各位健康如意，謝謝。
::::::",總統蒞臨中華民國九十年國慶大會致詞,2001-10-17,陳水扁
6,"各位貴賓、各位伙伴、各位女士、先生：大家恭喜！
今天是中華民國九十一年國慶，二千三百萬台灣人民及海內外同胞謹以最莊嚴、最歡喜的心情，迎接國家光輝的生日。
回顧過去的一年，國內外可以說充滿挑戰，也展現許多新的契機。年初，隨著新一屆國會的產生，新的內閣也順利完成改組，為政局的發展和政務的推動開啟了新頁。經過十二年的艱苦奮鬥，今年的一月一日我們終於正式加入了「世界貿易組織」，成為ＷＴＯ第一百四十四個會員國，使台灣在國際社會扮演的角色邁向更寬廣的新局面。這個月下旬，中研院李院長也將代表阿扁、代表我國參加在墨西哥舉行的第十屆APEC經濟領袖會議，為經貿的永續發展，數位經濟及如何分享全球化合作的利益貢獻力量。
當然，我們同時也面對許多嚴厲的挑戰，不管是來自國內或者國際，我們都必須勇於面對，以積極有效的作為克服困難，共同扛起國家發展的重責大任，並為國人同胞開創屬於我們自己的道路。
在歷經半個世紀的威權體制和一黨統治之後，台灣終於邁向政黨輪替的民主之路。這一條民主道路得來不易，因為過去有太多的沈痾與積弊，加上國際政經情勢的變動，以及海峽對岸的威脅壓迫，讓我們走得十分艱辛。然而，阿扁始終堅信，這一條路一定要堅持走下去，我們一定可以走出台灣的前途，看到台灣的希望。
二年多來，雖然在改革的道路上，不斷遭受挑戰與阻礙，但我們對改革的信念從未動搖，對改革的承諾也不曾退縮。我們當然知道，改革不可能一蹴可幾，也不可能沒有雜音，但我們願以最大的誠意，廣納朝野及各界的意見，讓改革的步伐走得更穩健踏實。改革的成效也許一時無法彰顯，改革也必然會衝擊到部分人的利益，但我們決不猶豫、也絕對不會動搖，因為我們對台灣社會有信心、對台灣人民有信心，改革的成果終究會得到民眾的肯定。
儘管民主改革的進程曾經有過波折，但人民對改革的熱望並未因此而消沈。我們相信，政黨之間或有政見的不同，但絕對能夠以國家的利益為優先，讓我們拋開政黨的本位思考，坦誠合作，以理性的辯論代替無謂的對抗，使政黨政治發揮更積極的改革力量。
展望未來，我們必須警惕，改革的契機稍縱即逝，改革的成本也將因時間的蹉跎而增加。我們對於改革的推動已是義無反顧，不達目的絕不停止。在此阿扁要提示幾點興革措施，作為全民共同努力的目標：
在民主深化方面：我們要強化民主教育，建立自由與自律並蓄的公民社會，積極豐富人權的內涵，促進對多元價值的尊重。嚴肅反省過往歷史的錯誤，釐清歷史的真相，追求社會的正義。加速政治陽光法案的立法，建立政黨政治公平競爭的規範。積極落實司法改革，重建民眾對公權力的信心。
在經濟發展方面：我們不但要兼顧高科技與傳統產業的健全發展，建構多元均衡的產業結構，更要積極改善國內投資的環境，具體達成「投資台灣優先」的策略目標。同時，進一步深化金融改革，加速基層金融機構的整頓，強化整體金融機構的體質，重建金融市場的紀律。我們也要儘速落實政府的改造，透過行政組織的精簡及國會功能的強化，大幅提升政府的效能和國家整體的競爭力。
在國家安全方面：隨著「國防二法」的施行，不但貫徹了軍隊的國家化，也確立了「軍政軍令一元化」的原則。未來應持續透過國防組織的精進、指揮層級的減少及兵力合理的調整，使國軍淬礪成為一支「現代化」、「專業化」及「效率化」的勁旅。面對「九一一恐怖攻擊事件」後的國際情勢，政府應對國安體系及對外政策進行檢討與調整，以強化國土安全的力量，並對全球的反恐行動做出更積極的貢獻。
在兩岸關係方面：政府將繼續秉持「善意和解」、「積極合作」、「永久和平」的理念，持續推動兩岸關係的正常化。但面對中共不斷增強的武力威脅，及在國際上全面的打壓，我們絕不心存幻想。台灣的國家主權獨立不容侵犯，而台灣人民追求自由、民主與和平的意志也絕不妥協。
阿扁謹代表中華民國全體國人同胞，鄭重呼籲中華人民共和國的領導人，應將部署在海峽對岸的四百枚飛彈立即撤除，並公開宣示放棄武力犯台，透過理性的對話，重開兩岸協商的大門，如此才能打破兩岸對峙的僵局。
各位嘉賓、各位伙伴、各位女士、先生：改革的道路必然是崎嶇的，而改革的工作也一定是艱辛的，但我們既然承接了歷史的使命，接受了全體國人的付託，不論外在的條件多麼的險惡，不管未來的考驗多麼的嚴峻，我們都必須以無比堅定的信心面對挑戰、承擔責任，齊心協力為國家長遠的發展奠定堅實的基礎，為二千三百萬人民及後代子孫謀求永續的福祉。
最後，敬祝中華民國生日快樂、國運昌隆。各位身體健康，萬事如意，謝謝大家。
::::::",總統蒞臨中華民國九十一年國慶大會致詞,2002-10-16,陳水扁
7,"相信民主、相信改革、相信台灣
各位貴賓、各位伙伴、各位女士、先生：大家好！
今天是中華民國九十二年國慶，我們在此齊聚一堂，不分職位黨派，一起慶祝國家的生日，共同祝福台灣的未來。
不久之前，台灣享譽國際的表演藝術團體—雲門舞集度過了三十歲的生日。從上一個世紀的七○年代走到今天，這一條漫長的雲門之路，可以說歷經了無數的艱難挫折，流下多少不為人知的汗水和淚水，靠著一份對自己的堅持以及許多民眾的支持，才有三十年後雲門的成長和豐收。
雲門的故事就像台灣這一塊土地上的人民所曾經寫下的歷史，其中都有辛酸苦楚，但是因為堅持、因為不放棄，所以如此動人。當我們看到《薪傳》這一部經典的作品裡面，先民歷險渡海、血淚拓荒、一直到最後豐收節慶的艱辛過程，如果能夠用心體會，過去三百年、三十年、甚至三年之間，台灣人民所面對的挑戰、所堅持的信仰、所付出的努力，無非都是相同的縮影。
如同數百年前，先民發願渡過驚濤駭浪的黑水溝，尋找安身立命的新天地，過去三年多，台灣面臨新舊世紀與新舊政權的更替，同時遭逢全球景氣衰退、恐怖主義攻擊、反恐及美伊戰爭、ＳＡＲＳ疫情爆發……等內外情勢的衝擊，可以說是順流與逆流洶湧激盪。在驚濤駭浪的過程中，舊有與新生並存、脆弱與堅強共生、危機與轉機同在，然而，我們從來沒有失去信心，更沒有迷失方向。
在今年的開始，阿扁提出「拚經濟」和「大改革」的兩大施政方向，唯一的目標就是要讓台灣變得更好、讓人民過得更好。因為民主改革是枝幹，民生經濟是樹葉，兩者得兼才能讓台灣枝壯葉茂、進步繁榮，讓人民過更好的生活。
政黨輪替之後，民主改革的機會之門雖然打開，但是接續的改革之路卻是遍地荊棘。新政府在全面除舊佈新、大刀闊斧改革的過程中，隨時都要遭遇舊勢力無所不在、無所不用其極的牽制和反撲，可以說是備感艱辛。加上時間及民意對改革的驅策如此迫切，我們確實曾經因為急於改革的廣度和深度、相應的準備不足，一度出現窒礙顛簸，但是，在不斷的反省調適之後，我們已經站穩了改革的腳步。
從結構性的改革來看，民主的深化必然是最重要的一項基礎工程。過去三年多，在軍隊國家化、情治法制化、保障基本人權、掃除黑金政治……等各項工作，都已經卓然有成。特別是掃除過去人民深惡痛絕的黑金政治，無論是肅貪或查賄的偵辦、起訴、審判，這幾年都有具體可見的成效，顯現政府杜絕黑金政治的堅定決心。因為我們相信，唯有澈底斬斷黑金政治盤根錯節的筋脈，才能為民主政治確保向上提升的根基。
過去民眾一直寄望最深的教育、司法、政治、金融、媒體……等重大改革，如今都解脫了老舊的枷鎖和政黨的箝制，還原改革應有的自由空間和公共討論。政府也對於民意的呼聲，提出相應的政策作為。我們相信，所有的改革只要摒棄一黨之私，兼容社會的多元意見，相信民主、堅定改革，最後都能夠找到最好的出路。
從振興經濟來看，在政府與民間的共同努力之下，我們已經逐步看到令人振奮的成果。今年以來，無論是股市、房市都在穩定地成長，市場的消費日趨活絡，經濟回春的景象有目共睹C最近公布的景氣燈號，已經出現連續兩個月的綠燈，專家並預測未來半年的景氣都將維持在平穩的綠燈以上。此外，在我國今年七月份及八月份外銷訂單金額上，都分別創下歷年來單月最高及次高的紀錄。台灣經濟復甦的力道，正在逐漸壯大之中。
今年八月，僑外投資創下近十個月來新高，達到三億五千萬美元。許多國際投資與競爭力評鑑機構相繼肯定台灣的努力，更看好台灣的潛力。瑞士「洛桑管理學院」今年將我國的全球競爭力排名，從去年的第七名提升為第六名；「世界經濟論壇」的競爭力評比，在「未來五到八年的經濟成長潛力」的國家中，台灣從二○○○年的第十名，躍升至今年的第三名；瑞士「商業環境風險評估公司」在今年八月份的報告則指出，在全球五十個主要國家投資環境評比中，台灣高居第四名。
排名和紀錄只是一些數字，但是這些數字都代表了台灣豐沛的經濟能量與競爭力。事實上，台灣景氣的回春與國際的肯定絕非偶然，而是人民與政府默默耕耘打拚的成果。政府戮力推動金融改革與法規鬆綁，提高經濟自由度以及產業透明度，降低產業經營的結構性風險，目標就是要強化經濟發展的體質，為台灣的永續經營創造更有利的條件。在「深耕台灣、佈局全球」和「投資台灣優先」的策略之下，目前已經吸引許多跨國廠商來台設置「研發中心」與「營運總部」，而十月下旬即將舉辦的「國際招商大會」，承諾投資的金額至今已超過一千三百八十億元，具體展現外資對台灣投資環境與競爭優勢的肯定與信心。
上述種種具體的績效與目標，證明我們「拚經濟、大改革」的承諾正在逐漸落實，也證明政府的效能與執行力禁得起檢驗。阿扁要再一次強調，「拚經濟」和「大改革」是一體之兩面，唯有堅定不移的持續各項改革，才能掃除過去所遺留的沉痾積弊，讓我們全速、全效地推動台灣政治經濟的轉型與升級。
如果將「拚經濟」和「大改革」比喻為台灣前進的兩個輪子，那麼憲政體制的改造工程無疑是支撐整部車子的骨架支柱。過去這幾年，朝野政黨和社會輿論都曾經一再指出，現有的憲政架構及其所規範的政府體制，無法滿足台灣現實的需要。過去歷次的修憲，因受限於特殊的時空環境，只能針對特定的議題，局部進行調整，不但無法實現完整的憲政規劃，更留下許多未解的問題，嚴重影響民主的品質和政府的效能。
身為中華民國第十任的總統，我有歷史的責任、更有義務要面對憲改的嚴肅議題，團結兩千三百萬人民一起來催生新憲法，讓台灣成為正常、完整、偉大的民主國家。憲政改革要成功，必須結合人民的意志、政黨的共識、以及憲法專家的參與，三者缺一不可。我們不會重蹈過去執政者一黨主導修憲的覆轍，而最後完成的新憲法，也必須交由全體人民透過公民投票的方式來共同決定。
回顧二十世紀的歷史，台灣人民曾經憑藉著對自由、民主和人權的信念，堅持對公理、正義與和平的追求，成功地解開戒嚴體制的桎梏，推動國會的全面改選與總統直選，最後以政黨輪替迎接一個真正民主自由國家的誕生。在民主推進的過程中，過去曾經被視為洪水猛獸的政治禁忌，如今都已成為台灣人民日常生活的一部分。所以，個人相信，只要我們秉持著對民主改革的堅持、對台灣人民的信心，二十一世紀的歷史必然會證明未來的憲改工程，將是台灣民主另一次重大的勝利。
各位嘉賓、各位伙伴，新世紀的台灣正在跨越一道又一道看不見的門檻，通過一層層艱難的考驗，最後將通往民主自由、進步繁榮的希望之門。因為我們對兩千三百萬人民有信心，因為相信民主、相信改革，所以我們相信台灣。一個人的力量不一定能夠改變命運，但是，如果結合所有人民的力量，必然能夠改寫歷史。只要每一個「我」都相信，「我們」就一定做得到！
最後，敬祝中華民國生日快樂、國運昌隆。各位來賓、各位伙伴，身體健康，萬事如意，謝謝大家。
::::::",總統蒞臨中華民國九十二年國慶大會致詞,2003-10-15,陳水扁
8,"感謝遠道而來的每一位嘉賓，更感謝所有長期關心台灣的朋友，在今天和兩千三百萬的國人同胞共同來慶祝中華民國九十三年的雙十國慶。
二○○四年是值得台灣人民永遠懷念的一年。縱使再過十年、二十年，歷史的記載和人民的記憶都將清楚的寫下一個難忘的時刻——來自台灣的運動選手，在二○○四年雅典奧運的競技場上，為自己、為台灣、也為兩千三百萬人民共同的期待，勇敢的奪下第一面、第二面的金牌。
那一刻，許多的國人同胞和我們的選手一起流下激動的淚水，也許外人難以體會其中交雜的辛酸和喜悅。就如同外國的朋友無法理解，為什麼台灣終於拿下奧運的金牌，卻無法升我們的國旗、唱我們的國歌，以致於我們的選手必須大聲的向國際媒體說出：「我來自台灣！」
這就是台灣的故事，一個歷經艱辛、卻能夠不斷寫下光榮的故事。過去半個世紀以來，兩千三百萬台灣人民在這一塊土地上，篳路藍縷、胼手胝足所創造的經濟成就和民主成果，無非是相同的一個動人的故事。
今天的國慶大會，特別邀請所有奧運和帕運的「台灣英雄」引領我們一起高唱國歌，其中的意義除了共同分享台灣的榮耀之外，也代表著每一位國人同胞都是台灣的英雄。
台灣很小，我們必須憑著實力站在國際的舞台上，面對最嚴酷的考驗和競爭。外在的艱難，應該讓我們的內部更加團結。不管是政黨的輪替或者是民主的實踐，都是為了持續改善國家的體質，增強台灣的國際競爭力，而不是停留在每一次選舉的成敗，更不能因此造成國家社會的停滯內耗。過去長期威權統治之下所造成的族群政策的偏差和國家認同的歧異，在政黨輪替之後，應該釋放的不是紛擾對抗，而是重建團結的新契機。
在今年五二○的就職演說中，阿扁曾經嚴肅的指出，台灣社會確實存在認同和族群的課題，身為執政者，包括阿扁本人和民主進步黨，都願意率先反省、坦承面對，並且尋求有效的化解。執政黨隨即在九月通過了代表最高位階、全黨必須貫徹遵循的「族群多元、國家一體決議文」。行政院籌備多時的「族群及文化發展會議」也將在國慶之後正式召開。這些具體的作為，象徵的是理解的開始，而不是反省的結束。
台灣的故事是這一塊土地上的每一個族群所共同寫下的。這裡是原住民族、客家人、河洛人的原鄉，也是外省新住民的新故鄉、外籍新移民的新天地。台灣的主體性是由各族群共同參與所建構的，每一個族群都是我們台灣的主人，每一個族群的母語都是我們台灣的語言。不管是認同中華民國或者認同台灣，都是對國家認同的忠誠表達，不應該被曲解或者分化，反而應該相互尊重、彼此理解、共同接納。
中華民國的主權屬於兩千三百萬台灣人民，中華民國就是台灣，台灣就是中華民國，這是任何人都不能否定的事實。
今天，在世界的許多個角落，來自台灣的農技團、醫療團持續默默的耕耘奉獻。對於國際的參與、經貿的援助、人道的關懷，台灣從來沒有停止過，因為台灣人民相信國際社會終將存在「德不孤，必有鄰」的公平道理。
明年聯合國創立即將屆滿六十週年，在國際社會普遍期待改革並且強化聯合國的體系，擴大國際社會的參與時，兩千三妐U台灣人民未能在標榜「和平、尊重、平等、友善」以及「會籍普遍性原則」的聯合國擁有一席之地，無疑是最明顯的缺憾和不公平。
一九七一年聯大第二七五八號決議只處理了中華人民共和國在聯合國及相關組織的代表權問題，從未賦予中華人民共和國在聯合國及相關組織「代表台灣人民」的權利，因此二七五八號決議不應該被錯誤的引用，變成將台灣排除於聯合國體系之外的理由。以此杯葛台灣人民的參與，不僅違反「聯合國憲章」、「世界人權宣言」及其他國際人權準則，更是對「會籍普遍性原則」的一大諷刺。
台灣是一個主權在民、享有充分自由與人權的國家，土地面積三萬六千平方公里，具備充分治理的政府及完整的政治制度，國民所得近一萬四千美元，外匯存底超過二千三百億美元，是世界第十五大貿易國，並且與國際社會的其他成員展開有效的國際關係，同時也是「世界貿易組織」等國際組織的正式成員，沒有任何理由讓兩千三百萬台灣人民繼續遭受「政治隔離」，成為長期沒有身分證的國際游牧民族。
台灣要不卑不亢的站在國際的舞台上，擁有平等的地位和基本的尊嚴，這是兩千三百萬人民共同的願望。如同在奧運的頒獎典禮上，每一位國人都希望看到自己的國旗，唱自己的國歌一樣。如此單純的心願，任何一個文明社會的成員都不能漠視，更不應該以「誰理你們」這樣粗暴的態度來對待！
台灣人民曾經共同創造「經濟發展」的輝煌時代，也寫下「民主改革」的光榮歷史，但是我們這一代最大的責任，應該是為後代子孫確保一個「和平安全」、「永續發展」的台灣未來。
國家的安全如果不能夠確保，所有經濟的成就、民主的成果都將付諸流水，這是每一個人都懂的道理。「靠天吃飯要餓死、靠人打仗會失敗」，如果我們沒有自我防衛的堅定決心和能力，台海的和平、台灣的安全將會失去最後的倚靠。
武力的威脅是台海之間最大的「恐怖陰影」和「黑暗勢力」。目前海峽對岸有超過六百枚的飛彈瞄準台灣，平均每年以五十到七十五枚的速度持續增加，這是台灣人民及國際社會絕對不容坐視的嚴重威脅。這樣的「恐怖陰影」和「黑暗勢力」不僅直接威脅著台海和平的現狀，更是區域穩定與世界安全的最大隱憂。
台灣樂見中國的改革進步、穩定崛起，也祝福對岸在符合奧運和平及平等精神的前提之下，全力辦好二○○八年的北京奧運。但是，國際社會應該關注並且期許中國的崛起，必須伴隨的是「和平的覺醒」，而不是窮兵黷武的侵略霸權。
在今年五二○的就職演說中，個人曾經誠摯的呼籲：海峽兩岸新世紀的領導人應該都能前瞻區域整合、世界大同的新趨勢，以全新的視野和格局，共同來面對和處理兩岸未來的問題。如果兩岸之間能夠本於善意，共同營造一個「和平發展、自由選擇」的環境，未來中華民國與中華人民共和國或者台灣與中國之間，將發展任何形式的政治關係，只要兩千三百萬台灣人民同意，我們都不排除。
阿扁願意再次重申，五二○就職演說所宣示的內容在阿扁任期之內不會有所改變。當然，我們也注意到對岸政權與人事的更迭，並且希望雙方都能夠運用更高的智慧，為兩岸關係的新發展創造更好的機會。
過去的經驗證明，軍事武力的威脅和國際空間的打壓只會讓兩岸人民的距離越來越遠，疾聲厲色、惡言相向，更無法增進彼此的信任和理解。「兩岸不必然是零和遊戲，除非雙贏，否則沒有真正的贏家」。這一點，對岸第四代的領導人應該能夠充分體會。
兩岸的政府和人民，在許多的問題上確實仍存在不同的見解，甚至有些是因為無法溝通而產生的誤解。所以，阿扁曾經多次表達希望在既有的基礎之上，推動兩岸恢復對話與溝通的管道，拉近彼此的距離，建立互信的基礎。今天，阿扁願意主動提議：兩岸可「以九二香港會談為基礎」，尋求「雖不完美、但可接受」的方案，做為進一步推動協商談判的準備。
有鑑於台海的任何衝突都可能造成兩岸人民難以彌補的傷害，阿扁主張：兩岸應該認真思考、並且採取實際的行動來「管制武器」，以降低台海軍事威脅的狀態。不久之前，台灣主動取消九月的「漢光演習」，便是基於這樣的思維。我們認為，唯有兩岸承諾保持自我克制，避免任何可能使爭議複雜化或產生衝突的行動，才能夠確保兩岸關係的發展維持在和平穩定的道路上。長遠來看，兩岸應該正式結束敵對狀態，並且透過協商談判，建立兩岸軍事互信機制、同步檢討兩岸軍備政策，甚至共同研議形成「海峽行為準則」，做為台海永久和平的具體保障。
兩岸目前都全力在追求經濟的發展和社會的安定，也都面臨了關鍵的轉型期和機遇期。在全球化架構下的兩岸經貿戰略，同樣可以符合和平發展的思維。如果能夠降低中國市場的投資風險，確立兩岸在全球供應鏈扮演分工的角色，一種競爭又合作的兩岸經貿關係將會逐漸形成。台灣同時必須加速經濟的轉型，深耕台灣、佈局全球，厚植實力、分散風險，才能積極有效的掌握兩岸經貿發展的契機。目前行政部門正在擬訂兩岸「人貨包機」的便捷方案，希望儘快與對岸展開協商，為兩岸三通的政策尋求進一步的開展。
各位嘉賓，親愛的國人同胞，團結台灣、穩定兩岸、安定社會、繁榮經濟，這是阿扁對於台灣人民的承諾，也是朝野政黨應該共同肩負的責任。年底即將舉行的立委選舉，對於朝野政黨而言，都是一個考驗，也是一個機會。阿扁更期盼各政黨能夠透過和平理性的競爭，讓選後的國內政局展露新的氣象，給台灣一個團結、穩定、安定、繁榮的機會。
阿扁也願意公開承諾，在年底立委選後，將以最大的誠意邀請朝野政黨領袖，共同籌組「兩岸和平發展委員會」，一起推動憲政改造工程，同時針對人民關切的其他重大國政議題，尋求朝野的共識與合作，團結為政局的穩定和國家長遠的發展貢獻心力。
親愛的國人同胞，最近有一部關於九二一重建故事的紀錄片，片名叫做《生命》。許多的朋友和阿扁一樣，看了以後會不由自主的落淚。那並不是面對悲劇的傷慟，而是對於堅強生命力的無限感動。《生命》這一部影片所拍的不只是九二一的故事，而是台灣這一塊土地的故事，勇敢堅強的台灣人民的故事。
生命總會經過曲折黑暗的隧道，承受命運的打擊，遭遇無數的挫折，有時彷彿已經走到了絕境。但是，一種永不放棄、無比強韌的生命力量，讓我們勇敢的繼續走下去，找到了生命的出口，看到了隧道盡頭的光亮。在國慶日的今天，阿扁不僅要推薦大家去看這部影片，更期許所有國人同胞能夠展現堅強的台灣生命力，團結努力、永不放棄，共同為國家的前途找出口，為台灣的故事寫下光明的新頁。
最後，敬祝中華民國生日快樂、國運昌隆。各位嘉賓及國人同胞身體健康、萬事如意。謝謝大家！
::::::::::::",總統蒞臨中華民國九十三年國慶大會致詞,2004-10-13,陳水扁
9,"呂副總統、各位院長、各位資政、國策顧問及顧問、各位貴賓、各位伙伴、各位女士、先生：大家恭喜、大家好！
今天是中華民國94年的雙十國慶，在此我們以最莊嚴也最歡欣的心情，共同慶祝我們的國家生日快樂，並誠摯的祝福台灣未來的前景光明燦爛。
回顧過去半個多世紀以來台灣發展的歷史軌跡，由於戰後民生凋蔽，各項建設百廢待舉，為了國家的生存與社會的安定，政府的施政以促進經濟成長為第一優先。在全民的努力之下，創造了舉世稱羨的台灣經濟奇蹟，但在這亮麗的經濟建設背後，也隱藏著許多制度性與結構性的不平衡。各種社運團體，包括：農民、勞工、婦女、原住民及環保等等，陸續提出各種改革的訴求，要求政府在追求經濟成長的同時，也必須兼顧社會的公平正義。這些改革的訴求不但激發了台灣人民要求向上提升的強烈意志，更是促成台灣在2000年首次實現「政黨輪替」最主要的力量之一。可以說新政府是應改革而生，是為了實現社會的公平正義而存在，這不但是2300萬的台灣人民交付給我們最莊嚴的使命，更是「政黨輪替」真正的意義之所在。
然而，就在我們剛實現「政黨輪替」的同時，由於網路經濟的泡沫化，再加上「911恐怖攻擊事件」及後續的反恐與美伊戰爭，國際景氣嚴重衰退，導致台灣於2001年出現戰後首次的經濟負成長，失業率節節升高，金融體系的體質迅速惡化，隨時有爆發本土型金融風暴的可能。在這種險惡環境之下，政府將「拚經濟、大改革」訂為施政的主軸，推動各項經貿法規的鬆綁，積極提振景氣的復甦，創造更多的就業機會，以解決廣大失業民眾基本生計的問題。「拚經濟、大改革」是為勞、資雙方及整個國家創造三贏的局面，絕對不是像少數人所說的，政府向企業界傾斜或向財團靠攏。經濟的繁榮是為了提升全體民眾生活的品質，「貧窮中的富裕」不可能持久，而「富裕中的貧窮」更有違社會公平正義的原則。
隨著景氣逐漸的復甦，以及失業率的持續降低，政府施政的重點也將進行調整。本人所領導的政府在未來兩年多的任期內，將進一步深化包括：金融改革、稅制改革、18%優惠存款利率改革、媒體改革、不當黨產的追討及憲政改造等六大改革，讓台灣整體的發展在「繁榮」與「公義」之間重新取得一個新的平衡點。
自從政府於民國91年提出「258」金改的目標後，本國銀行的逾放比率已從8.09%的歷史高點，降為今年8月的2.83%，資本適足率也已達到10%以上，累計打銷1兆4千6百94億元的呆帳，不但使台灣完全擺脫了可能爆發金融風暴的威脅，更被業界譽為近20年來最成功的一次金融改革。隨著第1階段金改的完成，「二次金改」也接續啟動，將透過公股及民營金融機構的整併與整合，加速國外資金與經營團隊的引進，全面提升台灣金融產業的國際競爭力。
「二次金改」目前雖遭遇若干的波折，在執行面上仍有改善的空間，但政策的方向是完全正確的。金融服務業的健全發展，不但標示著台灣的產業結構已逐步邁向已開發國家之林，並能為全民提供更具有競爭力的資金管理與服務，是當前政府重大的施政項目。阿扁在此要特別要求相關部會，一定要排除各種的困難，如期如質完成原訂的四大目標，以因應金融產業未來所必須面對的全球化挑戰。
長期以來，由於獎勵投資與促進產業升級各項的優惠措施未能定期檢討，加上對特殊身分的租稅減免，已造成稅制結構性的不公，嚴重影響民眾對社會公平的信賴。對此，行政院已完成「所得稅法」的修正及「所得最低稅負制」相關的法案送立法院審議，展現政府導正租稅不公所做的努力與決心。未來將進一步透過相關稅目與稅率的檢討與調整，以有效改善政府推動國家重大建設的能量，並對弱勢團體的照顧提供更多的資源。稅制改革必然會遭遇各種的困難與挑戰，但人民對公平正義的期待，是支持我們向前邁進最大的力量，政府要充分做好與民眾的溝通，極力爭取稅制改革逐步的落實。
從今年的7月1日起，延宕14年的「勞退新制」終於上路，讓9成以上，總數超過700多萬的勞工朋友能真正的領到退休金，這是台灣在建構一個完整的社會安全網絡上最重大的一次突破。然而，台灣整體的退撫制度仍有許多不合理之處。「勞退新制」實施後，一般勞工工作滿30年後，退休所得替代率約為54%。部分軍公教退休人員，因享有18%的優惠存款利率，退休所得替代率多的是超過100%以上、120%、甚至高達130%亦所在多有，凸顯了現有的退撫制度的不合理與不公平。目前相關部會已研議透過限制18%優惠存款利率的額度或其他的修正，將軍公教退休所得替代率以90%為上限，以導正部分軍公教人員退休後比退休前領得更多的不合理現象，並縮小軍公教與其他職業別之間退休所得的差距。依照研考會日前所做的民調，近6成的民眾認為部分軍公教人員退休所得替代率超過100%是不合理的，也有近半數的民眾認為將退休所得替代率調降為80%或90%是可以接受的，未來相關改革的方案送考試院審議時，本人要特別籲請各位考試委員儘快做出適當的處理，以回應社會各界深切的期盼與關注。
「政黨輪替」至今已超過5個年頭，但過去在威權體制之下，黨國不分所遺留下來的許多歷史問題，包括：不當黨產的處理及黨政軍全面退出媒體等，始終無法獲得徹底的解決。雖然行政部門已將相關的法案送請立法院審議，但迄今仍然無法付委。長期佔據國家資產的政黨在權力改組的過程中，社會各界和輿論一致期盼應能展現新的作為，積極還財於民，然而卻發生了加速賤賣出脫不當黨產的情形，證明完全沒有任何的誠意去面對並解決過去歷史的錯誤。不當黨產的處理，儼然已成為改革與反改革之間的競爭，本人要在此鄭重的宣示，不當黨產不是資產，而是不義之財，絕對不會因為產權的移轉就能合法擁有，政府有決心將盡一切的努力，把所有被霸佔的財產全部追討回來，完整的還給國家與人民。
此外，隨著「廣播電視法」的修正，於今年12月26日以前，黨政軍依法必須全面退出媒體。惟相關公股釋出的法案遲遲在立法院未能完成審議，使後續的工作無法進行。主管機關除要積極的爭取相關法案早日完成立法外，更應謀求以妥適的方式，在法律明定的期限內，徹底達成黨政軍退出媒體的目標，加速推動台灣媒體產業與民主政治健全的發展。
過去的5年多以來，改革始終是整個政府團隊堅定不移的信念，我們從來沒有任何的猶豫或保留。但受制於立法院朝小野大的政治情勢，使各項改革的推動倍感艱辛，改革的成效無法獲得彰顯，一再證明今天改革最大的阻力與障礙，在於現行憲政體制的殘缺不全，不能有效的提供解決政治僵局的機制，使國家與政府不斷陷入空轉與內耗。為了健全政府良好的管理，積極提升國家整體的競爭力，持續深化台灣的民主，充實基本人權的內涵，以及強化對弱勢族群的照顧等目標，我們必須加速推動全面的憲政改造。
隨著6月7日第1階段修憲的完成，將公投複決納入修憲的程序，未來憲政改造的推動必然是由下而上、由外而內、先民間而後政黨，甚至由民間來主導，政府只扮演輔助的角色，協助規劃民眾能夠普遍參與的程序與管道，激發社會各界對憲改議題的討論，透過審議式的民主，逐步整合出具體的憲改方案，再經由立法院的提案與決議，最後交由人民做最後的決定。
由一人一黨或只透過政黨菁英的參與及協商就能完成修憲的時代已經過去了，未來的修憲一定要有全民的參與，也唯有得到全民的支持與認同，任何憲政改造的工程才有成功的可能。目前這一部憲法不合時、不合身，也不合用，一定要進行全面的檢討與修正，才能為政局的穩定及台灣的長治久安奠定更堅實的基礎。在此，本人要誠摯的呼籲全體國人同胞，憲法是屬於每一個人的，希望大家主動的加入憲政改造的行列，以全民共同的智慧與力量，早日為台灣催生一部合時、合身、合用的新憲法。
各位親愛的伙伴，以上所揭示的六大改革，不但是政府未來施政重點中的重點，更是我們對所有台灣人民具體的承諾，全體政府工作同仁務必全力以赴，排除一切的困難與阻礙，嚴格貫徹各項改革的目標。
所有的改革必須從政府本身的改革做起。「政黨輪替」以來，整個政府團隊向來以「清廉勤政」的最高道德標準自我要求與期許。在實際施政的過程，面對來自社會輿論的批評與責難，我們一定要勇於面對，虛心檢討改進，絕對不容許有任何制度性或結構性的貪瀆存在。任何人若敢以身試法，絕對難逃國法的制裁，任何涉及貪瀆的弊案，一定依法嚴辦，不論涉案人的身分背景或地位高低，證據到哪裡就辦到哪裡，絕不護短也沒有任何的上限。同時，對於涉及不法或不適任的司法人員，包括檢察官與法官，也將以更嚴格的標準與要求，積極建立公正客觀的評鑑制度，加速不適任人員的淘汰，以重建人民對司法品質與民主法治的信心與信賴。
歷史的演變讓台灣這塊土地成為2300萬台灣人民共同安身立命的家園，而過去半個世紀以來，台灣人民為爭取自由、民主、公平與正義的奮鬥歷程，更讓你我緊密的結合成一個命運的共同體。每一次從空中俯瞰台灣這一塊美麗的土地，內心最深刻的感受，台灣是一個完整而無法分割的整體，每一個人的命運都與這一塊土地緊密連結在一起，大家休戚與共、福禍相連，不論好壞，沒有任何人能置身於事外，為了台灣的前途，也為了後代子孫的幸福，我們一定要團結一致，凝聚全民的力量努力打拚，不斷強化各項改革的深度與廣度，在持續的繁榮與進步中，積極實現我們對公平正義的堅持與目標。
最後，敬祝中華民國生日快樂、國運昌隆。所有的貴賓、先進與伙伴們，身體健康、萬事如意。謝謝大家！
::::::",總統蒞臨中華民國九十四年國慶大會致詞,2005-10-12,陳水扁
10,"各位貴賓、各位先進、各位伙伴、各位女士、先生：大家恭喜、大家好！
今天是中華民國九十五年的雙十國慶，我們謹以莊嚴而歡欣的心情，一起迎接並慶祝這個光輝的日子，並誠摯的祝福我們的國家生日快樂。
近幾個月來，本人有機會走訪基層，直接親近台灣這塊土地，並傾聽人民最真實的聲音。不論在田間或樹下與老農們閒話家常，到離島或偏遠鄉鎮的社區關心無依無靠的老人和幼童，或參訪工業區中小企業廠商與業者們座談，各自關心的議題容有不同，但期盼為「台灣加油」的訴求始終是大家共同的心聲。不但要為目前所擁有的自由、民主、安定與繁榮加油，更要為二千三百萬台灣人民當家做主的權利加油。
依據美國「自由之家」最新發表的「二００六年世界各國自由度調查報告」，台灣在「政治權利」及「公民自由」兩大項目，與美國和日本等國同列為「自由」的國家，而其中「言論及信仰自由」的指標則獲得滿分的最高分。這項殊榮是台灣人民長期努力與奮鬥的結果，也是台灣立足於國際社會最珍貴的資產。
過去在威權體制之下，人民不但沒有說話的自由，新聞與媒體的自由更受到嚴格的箝制與打壓。就現有的資料顯示，光是一九八八年至一九九０年，也就是解嚴後的三年內，由新聞局依「出版法」所查禁和查扣的政論性雜誌與書刊就高達二十八萬四千二百四十三冊，而在戒嚴時期由警總所查禁及沒收的出版品，更何止是此數的千百倍。
因此，政府對於言論、新聞、出版，乃至於集會結社的自由，始終抱持著更為寬容的態度，就是希望徹底的解除台灣人民心靈上的禁錮，讓大家不但敢講話，更保障每一個人可以說出心裡的真心話，或說出與別人想法不同的話。
過去沒有自由所以要爭自由，過去受體制的壓迫所以反體制。但今天台灣已經是一個民主的國家，除了追求自由之外，也必須落實法治，積極承擔相對的責任，共同維護民主憲政的體制於不墜。政治的歧見或紛爭應透過憲政程序及法律規定來處理，涉及司法的案件則必須尊重司法獨立的調查與審判，這不但是民主的基本信念，也是民主的核心價值。
恪遵憲法是總統的職責所在，其他人容或可以主張透過體制外，甚至是超越憲法的機制來遂行其政治目的，但身為總統，捍衛憲政體制的尊嚴、維護國家社會的穩定，這是無法踰越的本份，同時也是人民對總統最嚴格的要求。
貪腐為全民所深惡痛絕，反貪腐更是本人從政以來的一貫堅持。在擔任台北市長期間，本人對任何貪瀆的案件絕不寬貸，始終從嚴從速處置。擔任總統之後，更秉持著相同的信念，只要觸犯法網，不論身分高低、關係親疏，都必須接受國法最嚴厲的制裁。法律之前人人平等，就算是總統或是總統的家人，也沒有任何的例外。
貪腐是司法案件，司法講究的是證據與程序。本人相信絕大多數的民眾強烈要求反貪腐，但卻無法苟同爆料式的輿論公審。如果大家對反貪腐有高度的期待，就應該對司法有信心，相信司法、支持司法，讓司法有獨立調查與審判的空間。司法是捍衛社會公平正義最後一道防線，如果因為司法的偵審和裁判與所期待的結果不合，就輕率的否定司法、質疑司法，這是對民主法治最大的污辱與傷害。
近日即將上場的罷免案，是本人擔任總統以來第三度遭到提案罷免，也是二０００年「政黨輪替」後，朝野政黨惡鬥另一個新的插曲。過去六年多，政治的亂象與紛擾不曾停止過，除了反映朝野政黨角色易位的不適應外，更凸顯了台灣從威權走向民主時，也面臨其他新興民主國家所共同遭遇的民主困境，包括：轉型正義的難題、政黨政治的惡鬥、憲政體制的選擇，以及國家認同的分歧等等，一再挑戰並考驗政治領袖們的智慧與能力，同時也不斷檢驗台灣人民對自由、民主、公義與人權的信仰與堅持。
歷史的事實證明，威權統治所造成的傷痛、裂痕、對立與猜忌，並不會隨著時間的流逝而自然消失。就如同羽化的彩蝶，必須奮力破蛹而出，掙脫舊有的束縛才能獲得新生。
台灣在邁向一個正常的民主國家時，我們不能漠視，甚至逃避對過去歷史重新的審視。不論是對威權統治時期加害者責任的追究、黨國體制進一步的解構、政黨政治品質的提升，以及憲政體制正當性與合理性的重建，台灣社會都有必要進行更深刻的反省與檢討。這不是清算鬥爭，也不是挑動仇恨，只有勇敢的面對過去，才能真正撫平傷痛、癒合裂痕，將過去劃下休止符，重新開始新的樂章。
真相必須大白，和解、寬恕與公義才可能實現。六年多以來，政府陸續將過去「重大政治案件」的機密檔案，包括「二二八事件」、「美麗島事件」及「雷震案」等予以解密並公開。而過去兩個月，國防部在本人的指示下，進一步將「重大政治事件」剩餘的七十三件，以及包括「陳儀案」、「江南案」等在內四百二十四卷的機密檔案全部予以解密，並移交給國家檔案局進行後續的整理與公開，展現政府對追求轉型正義一貫的堅持與努力。
真相的追求必然會衝擊社會的團結，而對國家認同分歧的處理，更可能激化族群關係的緊張，甚至是統獨意識的對立。在民主憲政的體制之下，多元不同的意見和主張都受憲法充分的保障，但當國家認同的分歧，已嚴重威脅國防建設的推動、國家安全的鞏固，以及經貿產業的發展，我們有必要嚴肅的思考認同與民主之間所存在的矛盾。
認同可以有分歧，但國家不能夠分裂。不論是1949年以前或以後來到台灣，也不管是「新台灣之母」或「新台灣之子」，任何人只要是在台灣這塊土地上安身立命、俯仰生息，即使懷抱著不同的理想與故土的情感，全部都是骨肉同胞。讓我們積極敞開身為海洋國家子民的心胸，將心比心、相親相輔，將對族群、血緣、甚至是歷史情感的認同，轉換成對自由、民主、人權與和平等普世價值的認同，並以此重新形塑一個屬於二千三百萬台灣人民新的國家共同體意識。
同樣的，認同可以有分歧，但政府不能一直空轉。面對新興民主國家所共同遭遇的民主困境，包括台灣在內的所有國家，沒有人有最完美的答案，大家都還在繼續摸索學習，但時代的巨輪並不因此而停頓，面對愈來愈激烈的全球化競爭，我們不能讓政治的紛擾持續削弱國家整體的競爭力。
民主是台灣的價值所在，而經濟發展則是我們賴以生存的命脈。今年七月行政院召開「台灣經濟永續發展會議」之前，本人曾明確的提示四個具體的指標：增加投資台灣、創造就業機會、拉近城鄉距離、縮短貧富差距，可以用來檢視政府的施政是不是能真正的促進台灣經濟永續的發展。同時，這四個檢視的指標或發展的原則，不論在過去或未來，都是政府擬定施政方針時最重要的核心理念與目標。
以增加投資台灣而言，「中部科學園區」的開發，從掛牌到動土，前後只花了十個月又五天，而開發至今也僅三年的時間，已有八十三家廠商進駐，總投資額達新台幣一兆五千八百六十五億元，從業人員也有一萬一千人，未來將可創造五萬個工作機會，不但使台灣的面板產業穩居世界龍頭的地位，更全盤帶動整個中部地區的發展。而在傳統產業方面，自二００一年政府推出工業區「００六六八八」土地承租專案以來，至今年上半年，一共核准了七百三十家廠商，新增投資金額為二千八百二十五億元，產值更達到四千五百三十六億元，並創造了五萬一千個就業機會。在這個基礎上，行政院進一步擬定了「大投資」的計畫，包括：國有土地「四免六減半」提供給各縣市政府辦理招商、釋出台糖土地一千公頃供廠商及開發單位申請、延長並擴大「００六六八八」第二期專案，並於三年內將「中小企業信用保證基金」的額度大幅提高，協助中小企業取得融資金額達一兆六千億元以上，積極營造優良的投資環境，讓產業不但根留台灣、更要深耕台灣。
在創造就業機會方面：今年八月份的失業率為百分之四點零九，是六年來同月最低的水準，而一至八月份平均失業率為百分之三點九二，維持在計畫目標百分之四以下。雖然八月份的失業率與去年同月相比，僅微幅下降零點二個百分點，但由於勞動市場的流動，實際上比去年同月新增加十九萬八千人就業。未來隨著「大投資」計畫的落實，國內就業的狀況一定會有很大的改善，同時為配合台灣經濟的永續發展及人力資源需求的規劃，政府有必要重新思考技職教育的定位，並增加對技職教育體系的投資，以強化並精緻化教學的品質，這將是全面提升台灣勞動力素質非常重要的一環。
就拉近城鄉距離而言，隨著「北宜高速公路」的全線開通，以及「高鐵」近期將正式通車營運，整個台灣的東北部及西部將形成「一日生活圈」，並帶動台灣新一波的空間革命與新市鎮的開發。相較之下，整個花東地區交通的改善更形急迫，政府有必要在環評無虞，同時對景觀衝擊最小的前提下，積極推動包括公路與鐵路在內的東部快速運輸交通系統。任何國民，尤其是我們的孩子們，不論本島或離島、不管直轄市或縣市，所能享受的教育、文化、醫療及公共設施的品質不應該有差別的待遇。我們不但要矯正長期以來「重北輕南、忘掉中部、沒有東部」的錯誤政策，今後更要進一步改善並均衡各地方政府的財政收支，使國家的資源能更公平、有效的運用。
在縮短貧富差距方面，由於市場經濟的運作，難免有人會落後，而政府的責任就是要盡一切的努力，不要讓個人的不幸累積成國家的失敗。雖然台灣已經是一個真正自由民主的國家，但我們對於透過集體的力量，提供個人基本生活的維持、建構完整的社會安全網絡，以及完善對高齡化人口的照顧等，也就是對所謂的「積極人權」提供更多的保障，在這方面確實有所不足。針對這樣的闕憾，政府在過去的六年多做了很多的努力，包括：「敬老福利津貼」的發放、「老農津貼」的提高、三歲以下幼兒醫療費用的減免，以及「勞退新制」的實施等，一點一滴建立起台灣的社會安全體系。而目前所欠缺的是「國民年金」的實施，讓完全沒有任何退休保障的民眾，尤其是所有終日為家事操勞的家庭主婦，到老年時生活能有所照應。「國民年金」的開辦，將是繼「全民健保」與「勞退新制」之後，支撐台灣社會安全體系的第三大支柱，其重要性不言可喻。希望行政院能夠排除萬難，務必依照「經續會」的共同意見，於二００七年完成立法，並與「勞保老年給付」的年金化同步推動施行。
台灣是一個海島國家，必須透過對外的經貿往來與國際合作，才能厚植國家發展的潛力，而強大的自我防衛力量，穩定的國際環境與和平的兩岸情勢，是確保台灣在安定中求生存、謀發展的重要基礎。
過去五十年台海沒有再發生任何大規模的軍事衝突，最重要的轉捩點就是一九五八年「八二三台海戰役」的勝利，從此台灣才得以轉危為安，並奠定日後生存與發展的基礎。我們絕對不能忘記血的教訓，唯有強大的國防武力，才是確保和平的唯一屏障與保證。對岸的中國，始終不放棄以武力犯台遂行併吞台灣的目的。近年來，更不斷在東南沿海部署瞄準台灣的戰術導彈，目前總數已超過八百枚，與二０００年相比足足成長了四倍。此外，更持續強化對台作戰的演訓與準備，企圖以武力恫嚇與威脅，達到不戰而屈人之兵的目標。
在此，本人要再次誠摯的呼籲立法院朝野政黨，儘速完成各項重大軍事採購預算案的審查，使國軍早日完成武器裝備的更新與戰力的提升。也唯有如此，我們才有充分的實力和籌碼與對岸進行協商和對話。今天我們投資國防，不是要和對岸展開軍備競賽，也不是要製造台海緊張的情勢，而是投資和平、安全與穩定。唯有強大的自我防衛力量才能有效的預防戰爭的發生，也才有可能實現台海永久的和平。
近年來中國在國際上不斷透過金錢外交、銀彈攻勢，企圖壓縮並封鎖我國際活動的空間。面對新的挑戰與情勢，台灣不願意也沒有必要與中國進行「金援競賽」。我們必須要有新的思維與作為，並以民主、人權及人道做為未來外交工作的主軸。除了積極鞏固現有的邦交國外，應更進一步與全球民主社群建立價值同盟，並藉由台灣與中南美洲、太平洋及非洲友邦元首的高峰會，以及「民主太平洋聯盟」，以多邊合作的機制深化雙邊的關係，並透過經貿互利與人道援助計畫，達到區域互惠共榮的目標，使台灣在國際社會能扮演更積極，更具有建設性的角色，努力開創外交工作的新領域。
至於兩岸關係的發展，絕對不能拘泥於台海兩岸這個狹小的框架，必須將整個格局與視野提升到整體國際政經情勢演變的層次。隨著改革開放的成功，中國整體的國力，尤其是軍事力量的迅速增長，已引起國際普遍的疑慮，雖然中國一再宣稱這是「和平的崛起」，但多數國家仍認為這是「中國的威脅」。
沒有民主就沒有和平可言，中國是一個極權獨裁的國家，一個對自由、民主及人權仍抱持著敵視態度的國家。只要中國無法走向民主化，這種威脅的本質就永遠不會改變，而全世界包括台灣在內，與中國的關係就不可能正常化。
兩岸之間不論經貿的往來或人員的交流如何頻繁熱絡，只要中國始終堅持一黨專政的獨裁統治，彼此之間所存在的障礙與藩籬就無法消除，兩岸關係在本質上就很難獲得任何實質重大的突破。唯有中國的領導人將自由、民主、人權與和平等普世價值，化為兩岸的共同語言，並以此建構和平穩定的互動，才有可能形塑有內涵、有意義的兩岸關係。
親愛的國人同胞，近來大家都非常關心旅美棒球選手王建民與郭泓志在美國職棒大聯盟的表現，看到台灣的子弟有這麼傑出的成就，那種欣喜與驕傲是筆墨難以形容的。從小聯盟到大聯盟，再進一步成為勝投王，每一步都象徵著個人球技與運動生涯的提升與精進，但同時也意味著將面對更嚴酷、更激烈的挑戰。
過去台灣半個世紀發展的歷程，何嘗不是這樣。當我們由威權走向民主，由封閉退縮的「亞細亞的孤兒」，力爭上游成為面對海洋、迎向國際的世界島，這也是台灣的淬鍊與提升，我們要為迎接更嚴厲的考驗做好準備。
從王建民與郭泓志的身上，我們看到成功絕對不是偶然，背後的辛酸與艱苦是外人無法想像的，尤其是曾經受傷接受手術，再經歷漫長的復健與復出的煎熬，使日後的成就更顯得彌足珍貴。
今天台灣好不容易建立起來的民主，也是無數先烈、先賢及我們這一代人，流血、流汗、流淚換來的，是這麼的珍貴。既然知道受傷、失敗再爬起來時，那種刻骨銘心的苦楚，我們就必須以保護易碎品的心情，好好珍惜我們今天所擁有的一切，好好的守護台灣，守護台灣的民主、自由、安定與繁榮，千萬不能讓它受到任何的破壞。
在從政的過程中，所握過的每一雙手，都是賜給我智慧與力量的泉源。每一聲「台灣加油」、「台灣站起來」的呼喚，更是讓我繼續堅定走下去最大的動力。一個台南鄉下佃農的孩子，何其有幸成為台灣首次「政黨輪替」後的總統。四年後，偉大的台灣人民又再一次給我機會，領導大家邁向應許之地。我願意用我的生命為台灣揹十字架，再多的痛苦、再大的試煉與考驗，我都願意承擔，為完成這偉大的歷史使命，祈求上蒼賜給我們智慧與力量。
此時此刻的台灣，人民需要安心、社會需要安定、朝野需要合作，國家才有希望、台灣才有未來。本人誠摯的呼籲全體國人同胞不分黨派，一起團結為國、努力為民，擺脫顏色對立，恢復祥和溫馨，讓台灣展現出五彩繽紛，共創新的台灣奇蹟。
最後，敬祝中華民國生日快樂、國運昌隆。所有的貴賓、先進與伙伴們，身體健康、萬事如意、
天佑台灣！
謝謝大家！
::::::",總統蒞臨中華民國九十五年國慶大會致詞,2006-10-11,陳水扁
11,"呂副總統、各位院長、各位大老、各位首長先進、各位貴賓、各位伙伴、各位親愛的國人同胞：大家恭喜、大家好！
今天是2007年的雙十國慶，在這個特別的日子，大家歡聚一堂，共同檢討過往歷史的得失，並用心思考台灣國家未來的發展。
今年總統府為慶祝國慶所搭建的觀禮台與往年不一樣，多了「牽手護台灣、加入聯合國」的巨幅標語，表示台灣入聯的工作不會因為一時的困難而停歇，政府將堅定的持續推動下去。
台灣是一個主權國家，國家的主權屬於2,300萬台灣人民，國家未來的前途也只有2,300萬台灣人民才有權決定。1971年10月25日由聯合國大會所通過的第2758號決議文，不但不曾確立台灣係「中華人民共和國」之一省，也未接受「中華人民共和國」對台灣擁有主權的主張。台灣與「中華人民共和國」是兩個互不隸屬、各自獨立的國家，這不但是歷史的事實，更是台海的現狀。「中華人民共和國」在聯合國無權也無法代表2,300萬台灣人民，台灣人民有權要求在聯合國要有適當的代表，並以台灣的名義、以新會員國的身分申請加入聯合國。
過去我們以「中華台北」的名義參加「亞太經合會」（APEC），以「台澎金馬個別關稅領域」的名義加入「世界貿易組織」（WTO），雖不滿意但也只好被迫先接受，因為這是國際的現實。同樣的，1971年以前，聯合國始終為了「中國代表權」的問題爭論不休，今天如果再以「中華民國」的名義要求重返聯合國，不但直接挑戰聯合國大會第2758號決議文，更將重蹈「一個中國」、「漢賊不兩立」的覆轍，只會使台灣自外於國際社會陷入更加孤立的險境。
以台灣的名義、以一個新會員國的身分申請加入聯合國，表示我們無意挑戰聯合國大會第2758號決議文，也無意與「中華人民共和國」爭奪所謂的「中國代表權」。今年我們第一次以台灣的名義申請加入聯合國，雖然一如預期未能如願，但台灣的入會案卻破天荒被提到聯合國大會進行討論，在長達四個多小時的辯論，聯合國192個會員國共有140個國家登記發言，且國際媒體的報導也比去年增加了四、五倍之多，證明今年的入聯工作是一次成功的外交出擊，大幅提升了台灣在國際社會的能見度。
友邦國家及元首在聯合國大會所給予的支持與執言，本人要代表台灣政府及人民表達由衷的感謝與最高的敬意。能否加入聯合國，國際的聲援固然重要，但內部的團結更為關鍵，更為重要。依據一份針對美國民眾的民意調查，55%的美國人認為台灣在聯合國應該要有席次。如果「以台灣名義加入聯合國」的公民投票獲得通過，支持台灣加入聯合國的比率則再增加15%，達到70%，表示自由民主社群對公民投票這項普世價值與基本人權的尊重。
「主權在民」是民主的真諦，而公民投票更是「主權在民」最具體也最直接的實踐。2003年，我們完成了第1部「公民投票法」的立法；2004年，我們舉辦了第1次全國性的公民投票；2005年，我們修憲廢除國民大會並「公投入憲」；2006年，我們推動「終統」，廢除了兩岸「終極統一」的主張，讓2,300萬台灣人民享有透過公民投票來決定國家未來前途的權利。今年9月14日中央選舉委員會已正式公告「追討不當黨產」的公民投票案成立，明年1月12日將與立法委員選舉同日舉行投票。而眾所矚目的「以台灣名義加入聯合國」的公民投票，若能於10月底前連署過關並經審議公告成立，亦可望與明年3月22日總統大選同日舉行。
從過去的反對、抗拒、抵制，到後來的接受與積極推動，「公民投票」已是朝野共同認可的政治制度，並逐漸成為台灣民主不可或缺的一部分。經過這幾年實際的運作，也凸顯現行「公民投票法」的不合理與荒謬性，包括：限制公民投票的事項、排除行政機關有發起「公民投票」的提案權，以及公民投票提案、連署及通過的門檻過高，均嚴重限制並剝奪人民做為國家主人的權利，與「主權在民」的民主原則相違背。本人要鄭重的呼籲朝野各政黨，儘速進行「公民投票法」的補正，於立法院本會期完成相關修正案的審議，使現有的「鳥籠公投法」能成為一部真正以人民為主體且名符其實的「公民投票法」。
今年適逢「228事件」60週年及解除戒嚴20週年紀念，回顧過去半個多世紀以來，台灣人民所走過的民主之路，不論是訴求解除戒嚴、開放黨禁報禁、軍隊國家化、司法獨立、國會全面改選、總統直接民選，乃至於公民投票均一一實現，且透過民主的鞏固與深化，台灣人民的自由、人權與幸福也不斷獲得確保。
然而，非常遺憾的，對岸的中國對台灣人民為追求民主所做的努力，一概扭曲為所謂的「邁向法理台獨」，不僅全部都反對，更極力的打壓。事實證明，今天台海的問題不在於台灣的自由、民主與人權，而在於中國的極權、專制與獨裁，這是國際社會必須嚴肅面對的事實與真相。
近日來，全球民主社群對於緬甸軍政府對僧侶、對人民的殘酷鎮壓，表達了強烈譴責與制裁之意。台灣身為自由民主價值同盟的一員，也願盡一己之力，使緬甸早日恢復民主秩序。任何對人權的侵犯、對民主的壓制，絕對不是「內政事務」，國際社會對緬甸情勢高度關切的同時，也應認真檢視中國惡劣的人權紀錄，及對言論、新聞與宗教等自由的殘酷迫害。
2008北京奧運喊出「一個世界、一個夢想」的口號，國際社會也應堅持道德勇氣向中國提出「一個世界、一個標準」的要求。自由、民主、人權與和平等普世價值，不能有雙重標準，更沒有大、小國之分。國際社會不能懾服於中國的軍事霸權，就要求台灣消音噤聲，更不能為了圖謀中國的商業利益，而將中國對台灣的軍事威脅、外交打壓與經濟統戰完全視而不見。
美國布希總統前年11月在日本京都發表演說時指出：「自由的國家是和平的國家，自由的國家不威脅鄰國，自由的國家為國民提供充滿希望的未來與前景，…並帶來只有自由才能保障的和平與穩定。」同時，公開讚揚台灣的自由民主是值得其他國家及中國借鏡的典範。因此，一個愈民主的台灣愈能對中國的民主化發揮「燈塔效應」，也更有助於維護亞太地區的安全與穩定，完全符合美國、日本及鄰近國家的共同利益。
隨著中國的迅速崛起及軍備的不斷擴張，「中國威脅」不再侷限於台海的對峙，實已嚴重衝擊世界的和平。國際社會不但不應加入中國打壓台灣民主的行列，更應強力要求中國立即撤除部署在東南沿海瞄準台灣的飛彈，停止針對性的犯台軍事演習，廢止所謂的「反分裂國家法」，以及加速政治與民主的改革，因為我們堅信「唯有民主覺醒的中國，才有永久和平的世界。」
面對中國愈來愈嚴重的文攻武嚇，本人就任總統以來，仍試著釋出無數象徵和平與和解的橄欖枝，卻換來中國對我的「矮化」、「邊緣化」、「地方化」、「去政府化」及「去國家主權化」的「五化打壓」。但為了維護台海及區域的和平與穩定，我們始終不放棄秉持「立場堅定、務實前進」的基本路線，積極謀求兩岸關係的正常化。
自2000年至2006年，國人同胞每年前往中國的人次，由311萬增加到441萬。也就是說，平均每天有超過1萬2,000人次的國人前往中國。在通航方面，2003年實施單向「春節包機」，2005年實現「雙向、不中停」包機，並自2006年6月起，實施「四項專案包機」。現在一年之中，長達10週以上有「節日包機」，載運的旅客超過10萬人次。此外，目前每年透過「小三通」往返兩岸的民眾也有60萬人次，應能有效提供國人同胞往返中國的需求。
以上的數據可以證明，對「三通」議題的討論，政治意涵已經遠遠超過航運需求。今天除非完全置國家安全於不顧，自我棄械投降，否則「三通」一定是循序漸進，絕對不可能一步到位或限時開放。本人過去一再重申，一定先有「小三通」才可能有「大三通」、先有包機服務才有定期航班，先有貨物的便捷化才有旅客的便捷化。現在球在中國那邊，只要中國方面有誠意推動，儘速完成「貨運包機便捷化」的協商，許多問題都可望迎刃而解。
至於兩岸經貿，雙方貿易的總額自2000年的312億美元增加到2006年的881億美元。同時期台灣每年對中國的投資，依經濟部投審會的統計，也由26億美元增加為76億美元，於短短的7年累積投資超過466億美元，相當於1兆5,400億新台幣。換言之，兩岸經貿的現況是過熱而非不足，每100元的對外投資有70元是投資在中國，這對任何國家而言都不是正常的現象。
台灣不能鎖國，但也不能將所有的經濟籌碼與命脈鎖在中國。企業界將本求利是完全可以理解的，但身為政府必須考量兩岸經貿對資本市場、對勞工、對農漁民及其他中下階層民眾生計所造成的衝擊，必須對台灣產業的永續發展嚴格把關，「積極管理、有效開放」的兩岸經貿政策方針絕對是正確的，更是必要的。
中國是一個非常重要的市場，但中國絕對不是台灣唯一或是最後的市場。我們也不可以接受以「一個中國」為前提的「兩岸共同市場」即「一中市場」，這樣的主張將使台灣的經濟喪失主體性，完全不設防，中國的廉價勞工及農產品將全面攻佔台灣的市場，使台灣在政治上還沒有被統一，經濟已先被併吞。唯有將台灣經濟發展的命脈牢牢掌握在自己的手裡，才能確保台灣國家的永續存在與發展。
過去的七年多，有人始終把「唱衰台灣」當成政治運動來推動，近來更不斷發表「亞洲四小龍」已看不見台灣這種似是而非的言論。本人要懇切的呼籲全體國人同胞，只要心中有台灣，就一定能看見台灣。
以行政院主計處與韓國中央銀行所發表的數據為例，預估今年的經濟成長率台灣與韓國同為4.6%；消費者物價上漲率台灣為1.5%、韓國為2.5%；失業率台灣為3.8%、韓國為3.3%；貧富差距五分位比台灣是6倍、韓國是8倍；平均國民所得台灣為1萬6,563美元，比韓國的1萬9,921美元要少一些，但如果排除匯率波動的因素，以「購買力平價」（PPP）來反映實際的國民所得，台灣為3萬1,041美元、韓國只有2萬3,331美元；外匯存底至去年底，台灣為2,662億美元、韓國為2,390億美元；政府債務餘額占GDP的比例，台灣為31%，韓國為33.4%。
另外，依據「瑞士國際管理學院」（IMD）於今年5月10日發表的「2007年世界競爭力」排名，台灣排名第18、韓國第29。「世界經濟論壇」（WEF）於去年9月27日所發布的「2006至2007年全球競爭力排名」所列的三項指標：「成長競爭力指標」台灣名列第6、居亞洲第1，韓國則為第21；「全球競爭力指標」台灣排名第13、韓國第24；「商業競爭力指標」台灣第21，韓國第25。
綜合以上的數據和評比，不論就總體經濟表現、政府財政狀況、國民實質購買力，以及各種競爭力的排名，台灣絕對不輸同為「亞洲四小龍」的韓國。
此外，台灣在「大尺寸TFT-LCD面板」、「晶圓代工」及「IC封測」等三項全世界最重要的高科技產品的產值均居世界第一。「竹科」、「中科」與「南科」三大科學園區，今年1至8月的營業額為1兆2,251億元，預估至今年底將可突破兩兆元的歷史紀錄。未來政府不但要加速各科學園區新興基地的開發與招商，更要全力推動「精密機械」、「通訊電子」及「生物科技」成為台灣繼「半導體」與「面板」之後，第3、第4及第5個「兆元產業」，積極促進區域及產業的均衡發展。反映經濟未來前景的股市，自今年1月1日以來，股價指數已上漲近25%，而整體股市的市值也屢創歷史新高。
由此可見，台灣不但沒有在「亞洲四小龍」中消失，更在許多高科技領域穩居世界龍頭地位，台灣不但已經跨出亞洲，更有實力立足於世界。有如此亮麗的成績，相信只要心中有台灣、看好台灣，就一定能看見台灣。
在追求經濟繁榮的同時，政府也不曾忘記對社會公平正義的堅持。過去的一年，尤其是張院長就任行政院長後，在「大投資、大溫暖」的基礎上，將過去十年未曾調整的「基本工資」調高9.09%，時薪也配合由66元提高為95元，使超過140萬的勞工與民眾得以受惠，並陸續完成「勞工退休金監理會組織法」的立法及「勞工退休金監理會」的設置，使800萬的勞工朋友能透過「入股台灣」的方式，共同分享經濟成長的果實，對退休後的生活提供更多的保障。
同時，在朝野共同合作下，「國民年金法」也於今年7月20日完成立法，將於明年10月1日正式開辦，把整個社會安全網絡所缺的最後一塊補齊，讓台灣躋身現代福利國家之林，這絕對是落實公平正義，促進內部團結劃時代的工程。在此要期勉所有的工作同仁，務必做好相關配套的準備，使「國民年金」制度如期如質圓滿上路。
對農漁民的照顧，除了將「老農津貼」由每個月3,000元提高為4,000元、5,000元，現在是6,000元外，行政院也通過「農村改建方案」，完成「農村改建條例」草案的研擬，未來完成立法後，政府將投入1,000億元來幫助鄉村地區經濟及弱勢者優先改善居住與生活的環境，並全面推動農村景觀與公共設施的充實與美化。為解決油價持續高漲對漁業經營的衝擊，政府也已核定溯自今年7月1日起，將漁船用油定額補貼的額度增加至14%，並調高漁船保險補助的比例。
對於弱勢族群的扶助，行政院完成了「周延弱勢學生助學措施」的規劃，除分三階段逐步補助5歲以下幼兒的就學費用外，也將擴大照顧各學齡的弱勢家庭，包括：國中、小弱勢學童課後扶助，以及強化高中職及大專校院弱勢學生助學計畫等等，總計受惠人數約65萬8,000人，對弱勢學生提供更多的關懷與協助，讓所有的小朋友都能享有相同的受教機會與教育品質。
針對台灣經濟主體的中小企業，政府除了持續提供資金融通、技術研發及經營提升等方面的協助與輔導外，行政院也於今年8月20日起，自「國家發展基金」中提撥100億元，結合民間創投基金共同投資中小企業，這是「國家發展基金」投資國內高科技產業外，首次用於投資中小企業，預計可望投資1,000家企業，增加2萬個就業機會，為台灣的經濟注入更多的活水與活力。
隨著照顧「中南部地區、中下階層、中小企業」的「三中政策」不斷落實，政府所設定的「增加投資台灣」、「創造就業機會」、「拉近城鄉距離」、「縮短貧富差距」四大政策目標必能逐步實現，在追求持續穩定成長之餘，更積極建設具有台灣特色，強調內涵品質與人文關懷的「幸福經濟」。
各位工作伙伴、各位親愛的國人同胞，本人明天將前往太平洋的友邦馬紹爾群島共和國參加「第2屆台灣與太平洋友邦元首高峰會議」。每一次出訪、每一次遠離國門，總是格外感到自己國家的可貴。
台灣與太平洋地區的6個友邦國家：馬紹爾群島、所羅門群島、帛琉、諾魯、吉里巴斯及吐瓦魯不但同為「海洋國家」，且與我國的原住民族同屬南島語系民族，彼此關係非常密切深遠。本人就任總統以來，已遍訪所有太平洋友邦國家，親身見證各國致力於追求繁榮、發展與幸福所做的努力。對照過去半個多世紀，2,300萬台灣人民所走過的歷程，我們更應珍惜今天所擁有的一切。
這幾年來，我們看到李安、王建民、陳詩欣、朱木炎、林義傑、詹詠然與莊佳容等優秀的台灣子弟，在世界的舞台發光發亮，不斷為台灣爭光，那種內心的感動是難以言喻的。但同時我們也看到有些人，只為了政治目的、為了權力爭逐，不斷「唱衰台灣」、「看壞台灣」，令人感到無比的痛心。因為對台灣的否定，等於否定過去半個多世紀2,300萬台灣人民為這個國家所付出的一切及所做的犧牲與奉獻。
親愛的國人同胞，台灣是一個成功的故事，我們絕對不要妄自菲薄，自輕而人輕。台灣更是我們的祖國、我們的母親，以及2,300萬台灣人民賴以發展的憑藉與希望。如果失去了台灣，我們將失去所有的一切。台灣從來不曾邊緣化，也沒有從「亞洲四小龍」中消失，只要心中有台灣，就一定能看見台灣。身為台灣的子民，我們要更加奮發圖強、精誠團結，用我們的努力、智慧與創意，讓全世界都看見台灣。
最後，敬祝雙十國慶生日快樂，台灣國運昌隆。各位貴賓、先進和伙伴們，身體健康、萬事如意。
民主萬歲！
台灣加油！
謝謝大家！
::::::",總統蒞臨中華民國九十六年國慶大會致詞,2007-10-17,陳水扁
12,"蕭副總統、各位院長、各位首長先進、各位貴賓、各位女士、先生，大家好！
今天是中華民國九十七年國慶日，我們以歡欣鼓舞的心情，為我們的國家慶生，同時我們也必須以嚴肅的態度，面對國際經濟情勢嚴峻的挑戰，為國家建設擬定長遠的目標，才能為台灣擘劃未來的願景。
回顧過去這九十七年的歷史，中華民國多次經歷嚴苛的考驗。我們走過分裂割據的年代，面對世界大戰的烽火，遭逢內戰流離的困頓，然而我們始終堅持國父的建國理想，在台灣堅定不移的推動地方自治，進行民主改革。今年三月，台灣完成二次政黨輪替，讓民主走向成熟穩健的階段，「反貪腐、要清廉」已成為台灣共同的價值。台灣不僅成為亞洲民主的典範，更成為中華民族「民主的燈塔」，這是二千三百萬台灣人民共同的歷史成就。
今年五月執政之後，我們深深了解整個社會「人心望治」。四個多月來，我們諸多施政與民眾期待仍有落差，我們必須謙卑自省，不斷加快改革的進程，提升經濟競爭力，恢復榮景，重建信心，才能符合人民的期望。
首先，我們必須正視，現在的台灣正遭逢前所未有的經濟挑戰。一如美國聯準會前主席葛林斯班所說的，當前的金融風暴是百年來罕見的大衝擊，台灣在全球化的時代裡，無法倖免，政府也不斷多方設法協助民間共度難關。
新政府上任後，立即推出擴大內需、近貧照顧等方案，以激勵經濟景氣。我們也大力推動節能減碳措施，短短幾個月，用油節省幅度達到五分之一，但更為關鍵的是以前瞻性的眼光，來進行長期的興革。
一如當年的石油危機，是台灣建設與轉型的契機一樣，今天我們也必須以大建設、大轉型，以厚植國力，轉變體質，來迎接世界的挑戰。政府為因應全球變局，採取開放鬆綁政策，讓人才可以自由進出，讓資金更自由流動，讓企業更敢於布局全球。
在基礎設施方面，政府要大力投資於改善台灣環境的建設，舉凡公共設施，包括河川整治、道路橋樑改建、公共交通連結、地方產業振興等，都在「愛台十二建設」當中，有明確規劃。我們將投入更多資源，逐步落實，為下一個景氣循環，奠定良好的基礎。
在經濟轉型方面，政府將為民間建構良好的投資環境，它包括必要的基礎建設，優良的人才培育機制，以及鼓勵民間發展的產業政策。我們將重點扶持產業轉型，包括節能減碳產業、文化創意產業、高科技產業、生技產業、觀光產業等；在傳統產業上，政府也將即時提供資源與服務，振興經濟活力。這些轉型與長期建設的努力，雖然無法立竿見影，但是就像三十幾年前的十大建設奠定台灣發展的基礎一樣，今天政府的政策方向與未來願景非常明確：為子孫建設未來，為二十一世紀台灣，打造繁榮的基磐。
新政府對過去貪腐引起的民怨，深以為戒！我們不僅要奉公守法，還要以更高的道德標準來自許，為台灣找回清廉、正直、誠實、互信的核心價值。我們已開始實施「公務員廉政倫理規範」，嚴格規範公務員飲宴應酬、贈受財物的行為。為了維護五權憲法的精神，新政府上任後立即恢復監察院運作，讓憲政體制回復常態，也讓這個獨立機關發揮監謋能。
為了維護社會正義，照顧弱勢家庭，政府}始實施勞保年金制，八百八十萬勞工可以受惠；此外，國民年金、近貧照顧專案、「馬上關懷」專案、「青年安心成家」專案、健保費紓困專案、擴大營養午餐補助案等，都陸續上路。政府有決心照顧所有的孤獨弱勢者，讓台灣成為安全、安定、安心的美麗家園。
在兩岸方面，海基會與海協會在「九二共識」的基礎上重啟中斷十年的協商，化解兩岸對立情勢，開創和平新局，穩定東亞局勢，贏得國際社會肯定。我們秉持「以台灣為主，對人民有利」的原則，在開放鬆綁的政策指導下，逐步推動包機直航、陸客來台觀光、小三通擴大及台商回台上市等，為海峽兩岸開創一個開放而穩定的新局。
在外交方面，我們揚棄「烽火外交」，改以「活路外交」為主軸，維護中華民國主權，鞏固既有邦交，改善對外實質關係，尤其是重建台美互信，增進雙邊安全合作。我們也妥善處理釣魚台事件，不僅為台灣人民贏得公義與尊嚴，也為台日建立「特別夥伴關係」奠定基礎。同時我們逐步發展多邊關係，彈性參與更多國際組織與活動，爭取更寬廣的國際空間。在國防方面，以「防衛固守、有效嚇阻」為原則，充實現代國防武力，逐步推動募兵制，重塑軍人的武德，讓軍人重建「為誰而戰、為何而戰」的信念，確保國家安全。
我們對台灣深具信心，奧運跆拳道選手蘇麗文倒地十一次再起的奮戰精神，「海角七號」導演魏德聖敢於實踐電影夢想的勇氣，明華園要將台灣歌仔戲推向世界舞台的雄心，以及無數有夢想、敢創新，努力要為台灣打造未來的人才，在在顯現出這種堅毅、勇敢的「台灣精神」，這就是我們最寶貴的資產，也是共同奮起的力量。我們擁有最勤奮務實的人民和最敢於布局全球的企業，我們的經濟體質良好，產業基礎穩固，奮鬥精神昂揚，我們有信心振興台灣經濟，再造台灣榮景！
危機是勇者的挑戰，也是轉型的契機。中華民國九十七年的歷史，曾經克服過比眼前艱難千百倍的困境，我們仍然屹立不搖，創建亞洲經濟奇蹟，樹立民主典範。現在，我們正站在歷史的轉捩點上，讓我們懷抱無比的勇氣與智慧，一起奮鬥，迎向挑戰，克服風暴，共同「為子孫謀幸福，為萬世開太平」。
最後，敬祝中華民國國運昌隆！
各位嘉賓，身體健康，平安快樂！
謝謝大家！
::::::",總統蒞臨中華民國九十七年國慶大會致詞,2008-10-15,馬英九
13,"挑戰中成長，重建中進步
蕭副總統、五院院長、各位資政、國策顧問、各位首長先進、各位貴賓、各位女士、先生、以及全國同胞們：大家好！
今天是中華民國九十八年國慶。早在八月中旬，政府就決定今年國慶日除中樞舉行典禮外，其他慶祝活動全部停止。這是因為「八八水災」有700多位同胞罹難或失蹤，我們感到就像失去自己親人一樣的哀痛，實在沒有心情舉辦國慶活動；只希望讓往生者安息，讓家園更為安全，讓悲劇不再發生。這些都是我們對災民以及全國同胞最莊嚴的承諾。
做好國土規劃，告慰罹難災民
近年全球氣候異常變遷，各地大型災難頻傳，在亞太地區尤其顯著。兩個月前臺灣就經歷一場大自然的震撼教育，我們親身學到慘痛的教訓。我們深刻領悟，大地是人類安身立命的居所，面對大自然，人類要學習謙卑，建立順應環境的發展觀念，不再與山河爭地。今年將是我們國土規劃保育工作的轉捩點，我們要儘快通過「國土計畫法」，做到以安全為優先，以生活為中心，以永續為目標，尤其危險地區一定要禁止或嚴格限制開發。未來災區重建，必須考量氣候變遷因素，並且與目前推動中的河川綜合流域治理及國土規劃相結合。在安全無虞的前提下，必須遷村的地區，儘可能做到「離災不離村，離村不離鄉」，讓社區在重建之後，原有的文化脈絡及經濟關係得以永續發展。
「防災重於救災」是「八八水災」給我們的另一個關鍵教訓。只要防災做得好，可以大量減少不必要的傷亡與損失。為達成這個目標，政府已著手改革現有的災害防救體系與運作，強化中央與地方的協調聯繫，落實地方政府各單位平日災防教育與演練，大幅提高民眾的防災意識，並將災害防救列為國軍中心任務之一。全臺5個作戰區在平日就完成災害防救的兵力部署；災害發生前就主動在危險地區預置兵力，準備隨時援救。事實上，在莫拉克颱風造成災害前，就有21個村落的33位鄉長、村長、警員與土石流防災專員，斷然撤離9,100人到安全地區。如果當時沒有及時撤離，死傷估計還會增加1,046人。正是這些可敬的防災英雄高度的防災意識與正確的情勢判斷，挽救了近千條人命。
這次救災過程也讓我們看到臺灣人的愛心與這塊土地旺盛的生命力。災後政府與各地民眾、慈善團體，熱心積極投入災區服務，踴躍捐輸，捐款總額達178億餘元；國軍出動超過56萬人次，警察、消防與工程人員出動超過41萬餘人次，志工超過14萬人次投入救災行動。他們不畏艱險，不眠不休的搶救安置災民，搶通路橋，搶修堤防，疏通河道，清理家園。這段期間，災區出現了無數的救災英雄，救出了5萬多位災民。這些英雄有的是士兵，有的是飛行員，有的是警消人員，有的是村里長，更有的是志工。我們不一定叫得出他們的姓名，公開表揚的更是少數，絕大多數都是無名英雄，他們默默奉獻心力，把災民當成自己的親人。洪水固然無情，但臺灣強大的內聚力與生命力，卻在艱困時充分顯現，大家不分彼此，相互扶持，這就是臺灣否極泰來的希望。我們一定要將這股力量，轉化為臺灣未來進步的動力。
打斷手骨顛倒勇，化危機為轉機
從去年五月執政以來，我們深深感受到全球正步入快速變動與充滿挑戰的年代，而一個國家如何因應挑戰，將是興衰乃至存亡的關鍵。我們首先遭逢國際金融海嘯，全球許多銀行倒閉，股市狂跌，人心惶惶，伴隨而來的是出口停滯、訂單銳減、經濟衰退、失業大增。政府立即沈穩因應，宣布銀行存款全額保障，並多次降息，穩定了金融；推動擴大內需方案，刺激了消費，提振了信心；鬆綁兩岸經貿，開放陸客來臺，實現三通直航，開創了嶄新機會；規劃六大新興產業，促進產業多元發展，激發了新的成長動力。此外，政府積極推動節能減碳，提升能源使用效率，成效良好，扭轉了過去八年的頹勢：一年來全國民眾節省電量45億度，相當於臺南縣市187萬居民的全年用電量；二氧化碳排放量也減少了288萬公噸，相當於7,784座大安森林公園一年的二氧化碳吸收量。
前述這些拔尖築底的工程，讓臺灣安然渡過金融海嘯的衝擊，並邁向低碳經濟。我國競爭力在「世界經濟論壇」(WEF)的排名從去年第17名一口氣上升到今年第12名，進步了5名；也在世界銀行「2010年全球經商環境報告」(DoingBusiness2010)中從61名上升到46名，進步了15名。經建會的景氣燈號已連續三個月呈現黃藍燈，今年第三季的經濟情況又比第二季明顯改善，代表景氣已脫離谷底，經濟開始回穩。俗話說：「打斷手骨顛倒勇」，臺灣不但沒有被金融海嘯擊倒，反而比以前更有信心，更有能力應付外來的挑戰。
幾個月前，H1N1新流感在墨西哥流行時，又一次引起全球恐慌，雖然它不像SARS那樣致命，我們卻不敢掉以輕心。五個月來，政府與民間的防疫工作，不論是疫苗、藥物的準備與公衛措施的推動，都不輸給先進國家；感染率、致死率目前也控制在較低的水準，而國人在配合上的表現，更令人欣慰。秋冬即將來臨，H1N1疫情可能再度升高，政府已有充分準備，有信心將疫情減到最低。
莫拉克絕不會是最後一個颱風，H1N1新流感也絕不會是最後一次疫情。面對未來可能的天災，我們要有「料敵從寬，禦敵從嚴」的心理準備，將每一個颱風當成莫拉克，把每一種傳染病疫情當成SARS來防範，損害一定可以大幅減少。最近芭瑪颱風來襲，這是繼莫拉克颱風之後第一個入侵臺灣的颱風，由於我們記取先前教訓，災前撤離危險地區7,863位居民，防災的警覺與準備，已有相當進步。幾十年來，臺灣在風雨之中，淬鍊成長；普遍的憂患意識，讓這塊土地的人民，不敢鬆懈，因而渡過各種艱難險阻，這是臺灣屹立不搖的根本原因。如何進一步普及並提升防災意識與行動，將是臺灣面對的嚴厲考驗。
重建兩岸關係，擴大國際參與
過去一年，兩岸關係大幅好轉，臺海出現和平契機，這是兩岸共同努力的成果，不僅符合大多數人民期待，也贏得國際社會普遍的肯定。一年多來，兩岸在「九二共識」的務實基礎上，簽署了9項協議，從陸客來臺觀光到兩岸三通直航，從食品安全到司法互助，合作範圍日益擴大，善意與互信也逐步累積。我們相信未來包括兩岸「金融監理備忘錄」(MOU)、兩岸「經濟合作架構協議」（ECFA）在內，還有很多有利於兩岸人民福祉的工作，等待我們去開展。可是兩岸間的差距與疑慮，有其歷史因素，不可能一步跨越，旦夕消弭。將來兩岸關係的和平發展仍需雙方抱持耐心，正視現實，循序漸進，以擴大互信，求同化異。
近來令人感動與鼓舞的是，去年大陸四川地震，臺灣各界踴躍捐輸救援，其金額與志工數，高居世界之冠。今年臺灣「八八水災」，大陸不遑多讓，其物資與捐款，也居世界之冠。兩岸人民這種「血濃於水」的民族情感，讓我們對未來的兩岸關係充滿信心與期待。
我們也瞭解，和平發展兩岸關係的同時，國內一部分同胞仍有疑慮，擔心國家主權與臺灣利益受損。我們願意經由國會與政黨等各種管道的對話與溝通，凝聚全民大陸政策的共識。臺灣是一個民主社會，政府處理兩岸議題，一定會以維護國家主權與增進人民福祉為最高指導原則，並接受民意與國會的監督，這點英九念茲在茲，絕對身體力行，確實做到。
兩岸關係改善，也有助我國的外交，因為世界各國，不論有無邦交，都樂見兩岸對立的緩和，大多數也樂於同時跟兩岸發展友好關係。一年多來，我們推動「活路外交」，兩岸同時釋出善意，終止長期以來爭取建交的惡性鬥爭，我邦交國關係漸趨穩定，無邦交國互信增強，而臺灣的國際地位逐步提升。也因此，不論是「亞太經濟合作組織」（APEC）領袖會議、「政府採購協定」（GPA）與「世界衛生大會」（WHA）的參與，都有突破性進展。我國在今年五月批准聯合國1966年的兩項人權公約─「公民與政治權利國際公約」與「經濟社會文化權利國際公約」，也頗受國際人權界好評。在重返聯合國體系的策略上，我們從去年開始調整過去徒勞無功的衝撞，而以參與聯合國專門機構及其活動為優先目標，實質提升臺灣的國際參與及貢獻。這些務實可行的新策略，得到國際社會普遍的肯定與支持，有效提升了臺灣的國際形象與地位。
活路外交是正派外交、人道外交，更是軟實力外交，不僅拓展了臺灣的國際空間，也為我們贏得國際社會的尊敬。今年七月，我國在高雄市舉辦第八屆世界運動會；九月，在臺北市舉辦第二十一屆夏季聽障奧運會。這兩項大型國際賽會，我國都有極為亮麗的表現。不但中華健兒贏得史上空前數量的獎牌，在參賽100多個國家中分居世界第7及第5；而主辦城市的精心策劃，中央政府的全力支援，大量志工的熱情投入，臺灣人民的友善好客，更令國內外人士感動。無怪乎，「國際世界運動總會」(IWGA)主席朗佛契(RonFroehlich)先生公開讚許，高雄世運是有史以來最成功的世運。「國際聽障體育總會」(ICSD)主席艾蒙絲(DonaldaAmmons)女士也頻頻稱道，這次臺北聽障奧運會是八十五年來辦得最好的一次。此外，英九得以主辦國元首身分，在這兩項國際運動賽會開幕典禮中宣布大會開始，這也是歷史上的第一次。由此證明，只要我們有實力，走正路，全世界都會為我們豎起大姆指。
如今兩岸關係雖然大幅改善，我們卻從未輕忽對岸的軍事威脅。我們積極尋求海峽和平，但絕不會犧牲臺灣的國防安全。因此，「防衛固守，有效嚇阻」的國防戰略仍是我們的堅持。我們要積極發展一支以募兵制為基礎的專業化軍隊，同時也是一支「小而精，小而強」的國防武力，以捍衛臺澎金馬的安全。
開創具有臺灣特色的中華文化
各位先進，回顧中華民國九十八年的歷史，令人感觸良深。中華民國政府在大陸三十八年，除了北伐後的「黃金十年」外，多數時間戰亂頻仍，人民生活顛沛流離，沒有充分機會全面實現國父孫中山先生的建國理想。但中華民國政府遷臺六十年間，卻能落實土地改革，普及全民教育，推動經濟發展，建構社福體系，實施民主憲政。經過六十年的建設，臺灣中產階級茁壯，媒體自由開放，公民社會穩固，環保意識抬頭，社區營造與志工運動蓬勃發展。我們一步一步地創造了一種具有臺灣特色的中華文化，這是我們全體國民共同的資產與驕傲。
這六十年來，中華民國與臺灣的歷史與文化早已結合為一。所謂「臺灣精神」，不是空泛的口號，而是展現在曾為這塊土地打拼奮鬥人民身上的價值與風範。從日據時代記述臺灣先民歷史的連雅堂，推動民權啟蒙的蔣渭水，抵抗日人壓迫的莫那魯道，播種臺灣文學的賴和，到近代推動土地改革的陳誠，開創經濟轉型的李國鼎、孫運璿，以及從《自由中國》到《美麗島》數十年來爭取民主人權的志士。百年來，這些人堅持理想，是「臺灣精神」的代表人物。這種精神延續到今天，有像世運、聽奧那些奮戰不懈的運動選手，有像災難中捐款救人的志工及慈善團體，有像九月間在情況危急下犧牲自己、搶救全車乘客的兩位大客車司機蘇勝裕與侯文田，更有像把臺灣文化帶到世界的優人神鼓、表演工作坊與小西園掌中戲；而朱銘的雕刻、廖修平的版畫及劉國松的創新國畫也深受國際人士重視，在世界藝壇占有一席之地。臺灣各個角落幾乎時時呈現這種典範，成為「臺灣精神」的象徵，也在悠久博大的中華文化中，注入了鮮活的臺灣特色。
「臺灣精神」凸顯了臺灣人的核心價值，豐富了中華文化的深層內涵，也造就了臺灣，造就了你我，更將造就我們的後代。我們應該相互疼惜，攜手向前，將「臺灣精神」發揚光大，傳承百世。
承先啟後，慶祝建國百年
再過四百多個日子，就是中華民國建國一百年。一百年前革命先烈的呼喚，仍在我們耳邊迴響；一百年前建國先賢的理想，仍在我們眼前閃耀。民有、民治、民享依然是我們共同的誓言；民族、民權、民生仍是我們奮鬥的目標。為了慶祝這個偉大的日子，並告訴我們的子孫，中華民國在狂風暴雨中，永遠屹立不搖；在淬礪磨練後，更為燦爛奪目，英九特別在今天國慶日，正式宣布成立「中華民國建國一百年慶祝活動籌備委員會」，請蕭萬長副總統擔任主任委員，結合政府與民間，規劃一整年的慶祝活動。
各位同胞，我們的信心堅定不移，我們的腳步踏實不虛，我們將盡全力推動各項國家建設，為中華民國奠定未來百年盛世的堅實根基。最後，敬祝中華民國國運昌隆！各位嘉賓闔家安康！
謝謝大家。
::::::",總統蒞臨中華民國九十八年國慶大會致詞,2009-10-14,馬英九
14,"改革、開創、追求公義
大會主席立法院王院長、聖多美普林西比民主共和國梅尼士總統閣下、索羅門群島費立普總理閣下伉儷、甘比亞共和國國會芮內議長閣下、各國祝賀代表團及駐華使節、蕭副總統、各位院長、各位貴賓、各位僑胞、各位鄉親父老、各位媒體與電視機前的朋友，大家早安，大家好！
壹、中華民國與臺灣，緊密相連
今天是中華民國九十九年國慶日，我們紀念這個偉大的日子，除了緬懷當年革命志士為救亡圖存，所做的犧牲奉獻，更深知我們要負起承先啟後、繼往開來的歷史使命。
中華民國發展歷程曲折艱辛，在臺灣的每一個人，都是這段歷史的參與者與建構者。我們曾經抵擋了中共軍事進犯，確保臺澎金馬安全；我們奮力打拼，安然度過了多次世界經濟危機。在這塊土地上，我們胼手胝足，推動地方自治，普及國民教育，厚植國防實力，更開創了經濟繁榮與政治民主的雙重奇蹟，這是華人世界絕無僅有的成就，我們深以臺灣為傲。
今天我們在臺灣這塊土地上成長發展，大家承擔一樣的命運，擁抱一樣的夢想。我們疼惜臺灣，認同中華民國；希望臺灣好，希望中華民國強盛。明年，就是中華民國建國一百年，讓我們一起為我們的國家慶生，為中華民國開拓更精彩的第二個一百年！
貳、推動改革，勇往直前
各位鄉親父老，兩年前二次政黨輪替後，政府最重要的任務，就是「改革、開創、追求公義」。過去的鎖國貪腐，對臺灣傷害太深，我們必須勇於全面改革，一刻也不能放鬆。
兩年多來，政府在社會、經濟、教育、環保、國防、兩岸與外交各方面，推動許多劃時代的改革，目的是徹底改善臺灣體質，打造一個全新的、有競爭力的臺灣。
以「政府再造」為例，我們將行政院組織從37個機關減為29個，這是20年來許多任政府想做，卻無法做到的大工程，我們做到了。
我們實施縣市合併升格，舉行5個直轄市選舉，讓北中南平衡發展，提升城市競爭力，帶動區域經濟，這也是劃時代的變革，我們也做到了。
有人說，改革會得罪既得利益，失去選票，英九不認同這種說法，因為臺灣正在和時間賽跑，我們不能為了選舉拖延改革，否則就會對不起人民，對不起下一代。民眾眼睛是雪亮的，我相信，改革才能贏得未來；贏得未來，就能贏得民心。
各位鄉親父老，世界正在快速改變，臺灣必須重視亞太經濟整合與大陸經濟崛起，千萬不能像鴕鳥一樣，把頭埋在沙子裡。
這兩年多來，我們改善兩岸關係，促進和平繁榮，也同步擴大了國際參與。當兩岸開始直航、陸客來臺觀光時，我們也參加缺席38年的「世界衛生大會」(WHA)，加入曾經被拒絕6年的「政府採購協定」(GPA)，並與美國重建高層互信，恢復重要軍購，也重啟「貿易投資架構協議」（TIFA）的協商；我們與日本建立「特別伙伴關係」，去年12月在日本札幌設立辦事處，本月底實現臺北松山機場與東京羽田機場對飛；我們也爭取到英國、愛爾蘭、紐西蘭、斐濟等國家給予臺灣免簽證待遇，獲得歐洲議會多次通過決議支持，也增進與其他友好國家的實質關係。
我們與大陸簽署十四項協議，每一項協議都做到「對等、尊嚴、互惠」、「以臺灣為主，對人民有利」，捍衛了國家主權與臺灣尊嚴。
今年6月臺灣與大陸簽署的「兩岸經濟合作架構協議」(ECFA)，已經在9月12日生效。這是兩年來兩岸最重要的一項協議，為兩岸經濟合作開創新的里程碑，我們沒有開放大陸勞工與新的農產品進來，反而為臺灣農業、傳統產業與服務業爭取到新的商機，早收清單部分即可創造6萬個就業機會與1,900億元產值，讓臺灣加入亞太經濟整合行列，免於邊緣化，同時加速國際化。
各位鄉親父老，我們以務實政策，處理兩岸關係與外交關係，得到國際社會高度的肯定，政府改革的效益也已經逐漸顯現。行政院主計處預估，今年臺灣經濟成長率將高達8.24%，在亞洲名列前茅。在全世界前30大進出口國之中，今年前二季臺灣進口成長率是第一名，出口成長率為第二名；同時，今年上半年我們國內生產毛額(GDP)已經超過2008年同期、也就是金融海嘯前的水準，顯示臺灣景氣在衰退一年多之後，開始強勁復甦。一年來臺灣就業增加28萬5千人，8月份失業率降為5.17%，是19年來8月份首次下降，平均薪資也在增加，顯示勞動市場日趨活絡。
由於政府採取開放與鬆綁的政策，使臺灣競爭力大幅提升。瑞士洛桑國際管理發展學院今年5月公布「2010世界競爭力」報告，在58個受評比國家中，臺灣排名第8，比去年進步15名，這是16年來臺灣表現最好的一年，深信我們未來表現一定會更好。
臺灣經濟的好轉是全體國人共同努力的成果，但是在社會、環境、教育與司法方面，政府還有不小改善的空間，還需要虛心聆聽人民的聲音，不斷策勵改進。英九一定堅持改革，勇往直前，不負全民所託！
參、採取積極行動，回應人民期待
近來貧富差距、環境保護、教育改革與司法改革等議題，受到社會高度關注。英九在此要特別指出，我們施政的核心理念，就是「建立公義的社會」。英九保證，只要涉及社會正義、環境正義與司法正義的問題，一定採取積極行動，回應人民期待。
縮小貧富差距－首先，過去十年來臺灣貧富差距持續擴大，反映財富累積出現不平均現象。現在臺灣經濟固然快速復甦，但是經濟發展的果實，如果不能為全民分享，創造再高的經濟成長率又有什麼意義？
追求經濟成長固然重要，但經濟成長只是手段，目的要能建立繁榮均富的公義社會。所以，英九在此宣示，今後臺灣經濟發展的策略不會只注重成長，一定要做到成長與公平並重，也就是提高經濟成長的同時，一定要設法改善失業與貧窮問題。
政府將盡一切的努力，調整產業結構，增加就業機會；擴大社會福利，照顧社會弱勢，同時必須持續推動稅制改革。總之，政府絕不會坐視社會上有貧窮家庭求助無門。貧窮在那裡，政府的關懷與援助就要到那裡！
平衡經濟與環保－各位鄉親父老，去年莫拉克風災，有七百多位同胞失去寶貴生命。政府記取慘痛的教訓，一年多來，全力落實災後重建工作，並重整災防體系，督促中央機關與地方政府落實災害防救演習，提高各級政府與民眾的防災警覺，希望悲劇不再發生。
上個月凡那比颱風來襲前，中央部會、國軍、警察、消防人員，縣、市、鄉、鎮、村、里全部動員防災，預先撤離危險地區一萬六千多位民眾，將損害降到最少。像屏東來義部落幾十戶一百多人，如果沒有及時撤離，去年小林村悲劇可能重演。這也再一次印證：面對極端而多變的氣候，「防災重於救災，離災優於防災」、「料敵從寬、禦敵從嚴」、「超前部署，預置兵力，隨時防救」的策略是正確的。
近來中研院生技園區、中科環評和國光石化開發案，引發環保與經濟間的爭議。從國家永續發展的角度來看，環境保護與經濟發展應該兼籌並顧，如果經濟發展對環境有嚴重不良影響或危害時，應該以環保為優先。而影響或危害嚴重的程度，則應由科學的、理性的評估來決定。我們要追求經濟成長，但更要保護我們的環境和健康。
因此，更全面的土地關懷是必要的。我們要將重要的農地、山林、濕地、草原、河川等環境敏感地區，以及文化資產或景觀優美的地區，優先復育保護；同時我們也要改善產業結構，改進現行環評制度，使國土規劃和環評作業密切結合。往後對於土地開發或徵收，政府必須多傾聽民意，貼近土地，從長思考，以追求國土永續發展。
深化教育改革－各位鄉親父老，孩子是我們未來的希望，英九保證一定加速凝聚共識，創造條件，推動十二年國民教育；我們先將國民教育向下延伸一年，讓5歲幼童免學費入學，今年已從離島與偏遠地區做起，明年將會擴及全國。
同時，我們絕對不能忘記貧苦弱勢的孩子。我們必須透過教育資源的重新分配，扭轉不利弱勢學生的學習環境，協助貧苦子弟從學校獲得有效的知識技能，以翻身脫貧。我們一定要讓貧苦的孩子，同樣有實現人生夢想的機會！
啟動全民司改－近來法官收賄、法院裁判品質與效率問題，遭到社會嚴厲批評。我們認為司法當然必須獨立，可是不能孤立於社會、不能背離人民的合理期待。司法一定要能保護善良的人民，這是最起碼的正義。
未來的司法改革必須是「全民的司法改革」，應該從民眾的角度，理解人民對司法的期待與人民經歷訴訟的苦痛。現在司法院新的正副院長已經產生，加上半年前就任的法務部長與檢察總長，形成一個新的司法團隊，深信他們一定會回應社會期待，成為「全民司改」的主要推手。政府部門也將同心協力，檢討相關法制與流程，改進裁判品質，提升效率，建立友善的法庭環境，並儘速通過「法官法」，建立法官、檢察官評鑑機制，擇優汰劣，重建人民對司法的信任。
我們設立廉政署，就是要打擊貪腐，展現全面肅貪防貪的決心。政府一定除惡務盡，絕不與腐敗勢力妥協。
人權保障也是司法正義重要的一環，去年5月，我們批准二項聯合國人權公約─「公民與政治權利國際公約」、「經濟社會文化權利國際公約」，並積極修正不符兩公約標準的國內法規。為進一步促進人權與基本自由的發展與保障，英九現在宣布在總統府成立「人權諮詢委員會」，由蕭副總統擔任召集人，進行籌備工作，將邀集政府與民間人士，一同探討、規劃人權政策，並定期發表人權報告，以提升臺灣人權水準。
肆、推展兩岸關係，擴大國際參與
各位鄉親父老，近來兩岸關係大幅改善，臺海緊張情勢明顯緩和。大陸當局最近表達有關撤除飛彈的言論，我們認為對兩岸關係有正面的意義，希望儘早實現。
當然，臺灣安全不能只寄望於兩岸關係的改善。因此發展自主國防力量，持續向外購買無法自製的防衛性武器，是我們必要與不變的政策。我們也將持續加強兩岸在經濟、文化、社會等各個層面的深度交流，累積互信，化解歧見，以維繫臺海持久和平。
中華民國是主權獨立的國家，我們是在中華民國憲法架構下，以「九二共識」為基礎，開展與大陸的關係。現階段兩岸之間，在法理上不可能「相互承認」，但應以務實的精神，做到彼此在事實上「互不否認」。
兩岸人民同屬中華民族，都是炎黃子孫，雙方在深化交流之際，希望在國際社會也能擴大合作，避免對立，逐步開啟互利雙贏的良性循環。
臺灣已經完全民主化，我們與對岸簽署任何協議，必須受到民意支持與國會監督。同時，政府也將在中華民國憲法的架構下，維持兩岸現階段「不統、不獨、不武」的現狀，秉持「以臺灣為主、對人民有利」的原則，捍衛中華民國主權，維護臺灣尊嚴。
今後，我們也會持續強化與所有邦交國以及美國、日本、東南亞、紐澳、歐盟等友邦間合作；積極爭取參與國際組織與活動；並以人道精神，對發展中的伙伴國家，提供援助；政府也將致力改善中華民國的國際地位，並以務實、彈性的作為，積極與貿易伙伴洽簽自由貿易協定或經濟合作協議，以達成「壯大臺灣，連結亞太，布局全球」的目標。
英九在此宣示，當前中華民國在世界的角色有四：第一是和平的締造者；第二是人道援助的提供者；第三是文化交流的推動者；第四是新科技與商機的創造者。臺灣面積雖小，卻胸懷遠大，我們樂於融入世界，勇於接受全球化的挑戰，並願意對國際社會作出貢獻。我們要讓中華民國在國際社會成為一個受人尊敬、讓人感動的國家。
伍、結語
各位鄉親父老，生活在臺灣這塊土地的人民，從來不向命運低頭，我們在橫逆中成長，逐步實現了國父孫中山先生民主共和的理想。展望未來，我們充滿信心，充滿希望！
民主自由已經成為臺灣的基本精神。豐富多元的生命力，讓臺灣的文化與生活形態，成為華人世界的標竿。我們年輕一輩，不論在學術、體育、藝術、餐飲、設計、發明各方面，經常在國際間大放異彩，從他們身上，我們看到臺灣的潛力、臺灣的自信與臺灣的希望。
各位鄉親父老，中華民國建國一百年即將到來。中華民國的第一個一百年，以動盪的時代開啟序幕，以和平發展寫下今天的輝煌成就。中華民國的第二個一百年，將以黃金十年為序曲，從現在開始，奏出嶄新的樂章。
這是我們對先賢先烈的承擔，也是我們對後代子孫的承諾！
現在，請大家和英九一起高呼：
中華民國萬歲！
臺灣民主萬歲！
謝謝大家！
::::::",總統蒞臨中華民國九十九年國慶大會致詞,2010-10-13,馬英九
15,"百年奮鬥民主臺灣
大會主席立法院王院長、布吉納法索總統龔保雷閣下、瓜地馬拉總統科隆閣下、諾魯總統史蒂芬閣下、帛琉總統陶瑞賓閣下伉儷、各位友邦副總統、總理、各國祝賀代表團及駐華使節、代表、蕭副總統、各位院長、各位貴賓、各位僑胞、各位先進父老、各位媒體與電視機前的朋友，大家早安，大家好！
壹、紀念辛亥雙十的意義
今天是中華民國一百歲生日，也是辛亥革命一百週年，我們以歡欣鼓舞的心情，一起為中華民國慶生，一起分享喜悅，一起跨越這個偉大、感人的時刻。一百年前的今天，國父孫中山先生領導發動震驚世界的武昌起義，一舉推翻滿清政府與千年帝制，創立亞洲第一個民主共和國—中華民國。今天不僅臺灣，世界各地的華人，包括中國大陸，都在紀念辛亥雙十。
今天我們要以莊嚴崇敬的心情，向懷抱理想、不畏犧牲的革命志士致敬。他們包括廣東的陸皓東、湖南的黃興、浙江的秋瑾、福建的林覺民、臺灣的羅福星。這些民國英雄，只是少數中的少數。過去一百年，從開國、北伐、抗戰、戡亂到保臺，不知折損多少仁人志士，他們絕大多數是無名英雄，奉獻了青春、犧牲了生命，卻照亮了中華民國的天空。
各位先進、各位同胞：辛亥雙十是海峽兩岸共同的記憶與資產。因此，英九要藉這個機會，呼籲大陸當局：紀念辛亥雙十，就不能忘記國父建國的理想是要建立一個自由、民主、均富的國家，大陸應該勇敢地朝這個方向邁進。紀念辛亥雙十，也不能割裂歷史，而必須呈現歷史原貌，正視中華民國存在的事實。中華民國的存在不是過去式，而是現在進行式，六十多年來中華民國在臺灣蓬勃發展，在世界發光發熱，未來我們還會繼續蓬勃發展，繼續發光發熱！
貳、中華民國在臺灣的再造
各位先進、各位同胞：中華民國在抗戰期間，犧牲了二千萬軍民的生命，臺灣才能結束日本殖民統治，回到中華民國版圖。如果沒有臺灣的回歸，內戰失利後，中華民國很可能在六十多年前就走入歷史，沒有機會新生，更不可能開啟海峽兩岸不同的發展歷程。
六十多年來，中華民國不僅保障了臺澎金馬的安全，延續了中華文化的命脈，創造了臺灣經濟與政治的奇蹟，實現了臺灣先賢追求議會自治的理想，而且還向世人證明：民主可以在華人社會的土壤中生根、開花、結果。
今天，臺灣人民享有自由、民主、富足的生活，也凝聚對國家－中華民國－堅實的認同，中華民國憲法更早已成為全民共識的基礎。國父建國的理想，當年在大陸沒有機會實施，如今卻在臺灣完整實現。
今天，我們慶祝中華民國一百年雙十國慶，我們深深以中華民國為榮，深深以臺灣民主為傲。今天臺灣所展現的活力與生活方式，已成為華人世界的標竿。
臺灣面積不大，資源貧乏，我們卻能赤手空拳，開創一片天。今天放眼全球，無論在半導體、平板電腦、智慧型手機或太陽光電方面，臺灣產業不但角色重要，並對全球節能減碳貢獻卓著。今年5月瑞士國際管理學院(IMD)世界競爭力評比，臺灣排名世界第六，是有史以來最好的成績；今年9月世界經濟論壇(WEF)公布全球競爭力評比，我國競爭力分數創五年來最高分，排名全球第十三，其中有8項指標全球第一。
我們的年輕人才華橫溢，在設計、發明與文創領域，光芒耀眼，在全球六大發明展中屢屢奪魁。如今全球80%的華語音樂在臺灣創作，不論電影、戲劇、舞蹈、設計，我們都已經站上世界舞台。尤其我們的國片掀起一波波熱潮，臺灣新生代展現驚人的創作潛力，為臺灣電影發展開創無限可能。
臺灣社會也充滿愛心，現在臺灣有超過4萬個非營利組織，有上百萬志工在臺灣各角落默默服務，甚至遠赴海外，參與國際人道援助。去年我們的捐血率8％，在世界數一數二；我們認養了30萬貧童，20萬人在國外；每年慈善捐款超過350億元，絕大多數來自一般人民。
在臺灣這塊土地上，我們看到很多值得尊敬、實踐夢想的英雄。就像長年默默行善的阿嬤陳綢、陳樹菊與老榮民尹殿甲、洪中海、戰勝非洲瘧疾的連日清、挑戰超級馬拉松的林義傑、創意烘焙大師吳寶春、康復再起的王建民、拾金不昧的楊黃牡丹、驗出塑化劑的楊明玉、拍史詩電影的魏德聖、以及高球天后曾雅妮。從他們身上，我們看到了善良、勤奮與進取，更看到了堅持與希望，這是臺灣前進的原動力。
自由民主的中華民國、活力創新的中華民國、人文關懷的中華民國、開放自信的中華民國，這就是我們國家的形象。讓我們一起為中華民國喝采，向所有曾經為中華民國付出汗水與青春的英雄，表達我們最深的敬意！
參、黃金十年展布新局
各位先進，各位同胞：近三年來全球經濟動盪不安，臺灣仍以穩健的步伐，脫困而出，大幅提升國家競爭力，這是全民共同努力的成果。面對全球競爭壓力，未來十年將是關鍵的十年，我們要全面落實黃金十年的願景，在自信中開放，在創新中發展，在公義中前進，讓中華民國徹底脫胎換骨，躋身先進國家之林。
各位先進、各位同胞：兩岸和平是臺灣繁榮發展的必要條件。過去三年多，政府在中華民國憲法架構下，以「九二共識，一中各表」為基礎，推動兩岸關係，維持臺海「不統、不獨、不武」現狀，並得以大幅降低臺海緊張，贏得國際社會的肯定與支持。三年多來，我們與大陸簽署15項協議，每一項協議都做到了「對等、尊嚴、互惠」、「以臺灣為主，對人民有利」。兩岸人民同屬中華民族，希望雙方在正視現實的基礎上，求同存異，互助合作，建立制度化的和平關係。
如今大陸已經是臺灣最大的貿易夥伴、順差來源與投資地區，大陸也是驅動全球經濟成長的主要動力。我們要善用臺灣優勢，布局大陸市場，還要加快腳步，與其他國家洽簽自由貿易協定或經濟合作協議，為臺灣開創新的商機。上月22日，我們與日本簽署了投資協議，就是成功的案例。目前我們也正積極與新加坡協商經濟合作協議，我們還要參與區域經濟整合，努力創造條件，以十年為期，加入正在擴展中的「跨太平洋夥伴（TPP）協定」。
今後我們要繼續推動活路外交，更加鞏固與邦交國的關係，增進與美國、日本、歐盟、東協、紐澳等無邦交國的高層互信，並擴大國際參與。十天前，英國成為第七個與我國簽署青年打工度假協定的國家；五天前，荷蘭也給我們6個海外領土的免簽證待遇；後天布吉納法索給我們落地簽證待遇將正式生效，使國人享有免簽證或落地簽證的國家（地區）總數達到124個，比英九上任時增加了70個國家（地區）。這顯示當國家受到肯定，人民就有尊嚴。
各位先進、各位同胞：在推動兩岸關係時，臺海和平的維繫不能一廂情願，必須以堅實的國防為後盾，臺灣安全才有保障，民眾才有信心與大陸進一步改善關係。過去三年多，我們在部隊訓練、武器自製方面都有長足進步，並且多次成功採購先進的防衛性武器。未來的十年，我們將持續強化國防力量，打造精銳新國軍，以捍衛中華民國主權，保衛臺海安全。
肆、結語
各位先進、各位同胞：國父當年成立「興中會」時，成員只有二十幾位，可是他們堅持理想、勇於實踐，掌握了時代的脈動，十七年後竟然推翻滿清，建立民國。
今天我們紀念辛亥雙十，就要繼承先烈先賢這種理想主義，不怕風雨，勇於開創，讓我們的國家成為華人世界的典範。中華民國不只是國家的名字，也代表了自由民主的生活方式，對嚮往自由民主的華人地區也將產生示範作用。
光輝的十月，對英九而言，還有一項特殊意義。六十年前的十月，在風雨飄搖中，我的父母帶著家人和一歲多的我，從香港來到臺灣，追求自由安定的生活。他們萬萬沒有想到，他們的兒子在五十多年後會成為中華民國總統。對這個國家、對這塊土地，我懷著深深感恩的心情，我願意奉獻此生一切，努力建設臺灣，讓她成為自由繁榮的樂土，繼續哺育我們的下一代，讓每一個孩子，不論出身貧富，都能實現夢想。
就任總統三年多來，英九體會責任的艱鉅，不敢絲毫鬆懈。雖然世局多變，挑戰隨時出現，但我對這塊土地有信心，對人民有信心。
各位先進、各位同胞：中華民國是我們的國家，臺灣是我們的家園。中華民國的前途與臺灣的未來掌握在我們二千三百萬人的手中，我們要團結、要奮鬥，讓臺灣更有活力，更有魅力，也更有競爭力！
今天我們不分族群，不分黨派，不分海內外，一起為中華民國慶生。我們要發下宏願，一定要在我們的手中壯大臺灣、振興中華，為中華民國下一個精彩百年，打下基礎。讓中華民國在國際社會，成為一個更加受人尊敬、讓人感動的國家！
現在，讓我們一起高呼：
中華民國萬歲！
臺灣民主萬歲！
謝謝大家！
::::::",總統蒞臨中華民國一百年國慶大會致詞,2011-10-12,馬英九
16,"不畏艱險攜手向前
大會主席立法院王院長、馬紹爾群島共和國羅亞克總統閣下、各位友邦副總統、總理、各國祝賀代表團及駐華使節代表、吳副總統、各位院長、各位資政、顧問、各位首長、各位先進、各位僑胞、各位鄉親、各位電視機前與網路上的朋友們：大家好！
今天是中華民國一百零一年的國慶，也是英九連任中華民國總統後的第一個國慶。每一年國慶，都是大家為中華民國歡喜慶生的日子，也是我們緬懷先賢艱苦奮鬥，並提醒自己必須繼續努力的時刻。
這次總統大選過後到現在，已經將近九個月。這段時間裡，國內外政治經濟情勢都出現了很大的變化，而政府推動的一些政策，由於規劃和溝通未能盡如人意，讓許多民眾對英九及執政團隊有不少批評。這些批評，我們都虛心傾聽、徹底檢討、積極改進，並將以具體行動來回應。
今年以來，國際經濟情勢嚴峻的程度，不亞於四年前金融海嘯，東海和南海也風雲再起，這些對我們都構成重大考驗。
考驗不足畏懼。我堅信，只要我們沉著因應、通力合作，一定可以突破困難。因此，我提出以下四大方向，和大家共同努力：
第一、改造產業結構，提高薪資水準；
第二、排除投資障礙，擴大就業機會；
第三、捍衛主權漁權，推動區域和平；
第四、深化民主法治，促進兩岸發展。
改造產業結構，提高薪資水準
過去十多年，臺灣的經濟雖然成長，但許多人的薪資卻停滯不前，民眾對此當然不滿。要突破這個困境，我們的產業一定要走向更高附加價值，勞工生產力才會增加，薪資水準也才能提高。因此，我們必須重新界定臺灣在國際經貿體系的地位，並根據新的定位去改造產業結構，讓臺灣的經濟能以新的模式成長。
未來，臺灣應該發展為國際經貿體系中關鍵元件和精密設備的提供者，也是服務業創新模式的開發者。我們除了發展新的主力產業，更要扶植廠商發展關鍵技術，生產關鍵元件，研發具有智慧功能和特殊優勢的精密設備。這樣多軌並進，產業既不會為他國所輕易取代，也不再受制於人。除了製造業，我們也要掌握市場趨勢，發展各種服務業的創新營運模式，以提高服務業在產值與輸出中的比重，讓服務業成為推動經濟成長、帶動薪資成長的另一個引擎。以上這些產業結構的改造工程，都已經在推動中。
我們還要擴大與各國的經貿連結，讓臺灣的商品與服務能暢銷世界。我們兩年前與第一大貿易夥伴中國大陸簽訂「兩岸經濟合作架構協議」（ECFA），今年8月又簽訂了「兩岸投資保障和促進協議」、「兩岸海關合作協議」，以及「兩岸貨幣清算合作備忘錄」。目前ECFA後續談判正緊鑼密鼓地進行中。
其次，近年來與第二大貿易夥伴日本的關係持續改善，使得兩國的交流日趨密切，兩年來兩國航空班機增加45％，航點增加90％。去年與日本簽署「臺日投資協議」後，今年日商來臺投資案件成長26％，居外商第一名。我們與新加坡和紐西蘭協商經濟合作協定的進展也相當順利。我們也和若干亞太國家展開經濟合作協定的可行性研究。此外，九月初，第三大貿易夥伴美國同意重啟「貿易暨投資架構協定」（TIFA）談判的預備性工作，我們也將努力創造未來加入「跨太平洋經濟夥伴協定」（TPP）的有利條件。
今年10月2日，美國宣布中華民國為免簽證國家，我國也是全球37個獲得這項禮遇的國家中，唯一與美國沒有正式外交關係的國家。這是美方對國人素質的肯定，也將深化兩國人民的交往與經貿關係，並進一步強化雙方高層的互信。
這些新發展，有助於我們融入區域和全球經貿體系，在新一波的國際競爭中脫穎而出。
排除投資障礙，擴大就業機會
另一個民眾最關心的是就業問題。要增加就業，我們就要將臺灣營造成一個良好的經商環境。當國內外的資金願意投入臺灣，經濟自然蓬勃發展，就業機會也會大幅增加。
我國的投資環境，在最近的國際評比中名列全球第四，但政府仍然會繼續排除投資障礙、兼顧區域平衡。如今在北臺灣，中央與地方合作的「桃園航空城」計畫已經啟動，政府和民間都將投入大量資金，未來將可創造2兆3,000億元的經濟效益與26萬個工作機會。在中臺灣，「中部軟體園區」和「中科精密機械園區」等開發案都已經在積極進行。在南臺灣，政府推出的「自由經濟示範區」之一將落腳高雄，希望以更自由開放的環境，與國際接軌的制度，吸引國際服務業與專業人士投入南臺灣。
在東臺灣，政府除了積極建設「蘇花改」和拓寬南迴公路外，鐵路方面，明年初開始，17列、136個可提升速度的傾斜式車廂將陸續上線。明年底花東鐵路電氣化與瓶頸段雙軌化完成後，從臺東到臺北只要三個半小時。這是劃時代的工程，而南迴鐵路的改善也將接續推動，未來東臺灣就能加入全臺一日生活圈。
另外一個可以擴大就業的產業，就是觀光。今年境外旅客可衝到700萬人次的歷史新高。政府與民間都應該全力提高品質、增加投資，逐步邁向民國105年達到1,000萬人次的目標。
除了指標性計畫外，政府也要進一步鬆綁法規，營造更友善、更便捷的投資環境。英九要在此宣示：在兼顧國家安全與利益的前提下，將大幅放寬外來資金投入臺灣產業的限制；未來開放是常態，管制是例外。在引進新增投資和增加本國勞工就業的前提下，對勞動市場的限制條件應該與時俱進，在勞工權益與促進投資中取得適當平衡。
捍衛主權漁權，推動區域和平
我國領土不容侵犯，主權不能動搖。近來釣魚臺海域的情勢，受到國際社會的關注。從歷史、地理或國際法來看，釣魚臺列嶼是中華民國的領土、臺灣的附屬島嶼，尤其釣魚臺海域百餘年來都是我國漁民的傳統漁場，而我國政府船艦將持續在這個區域保護漁民，捍衛海疆。
中華民國一向愛好和平，也一向珍惜與友好國家的關係。對於釣魚臺列嶼的爭議，我已在今年8月5日提出「東海和平倡議」，主張相關各方同時擱置爭議，展開對話。我們以「捍衛主權漁權，和平處理爭議，共同開發資源」作為努力的目標；同樣的原則，也適用於南海。中華民國在國際社會中將扮演和平締造者的角色，為東亞的和平穩定繼續努力。
深化民主法治，促進兩岸發展
民主不能沒有法治、法治不能沒有廉能，否則民主法治都將淪為空談。我從政以來，一向以「廉能」自許，擔任總統以後，更以「廉正、效能、關懷」的信念期許所有公務人員。我也鄭重承諾，一定把廉能政治貫徹到底。
各位鄉親：中華民國的民主成就吸引了華人世界的目光。臺灣已經證明了，在中華文化的土壤上，實行民主、深化民主，完全可行。我也相信，臺灣與大陸的互動過程中，不僅經濟可以互補、文化可以交流，而民主法治也同樣可以對話。
四年多來，政府已經與大陸簽訂了18項協議，達成兩項共識，讓民眾獲得實質的利益。未來我們仍會以「九二共識、一中各表」為基礎，持續擴大兩岸交流。我們將通盤檢討修正「兩岸人民關係條例」，並儘速推動兩岸互設辦事機構，以照顧兩岸廠商、學生，服務兩岸人民，並將此當作未來兩岸工作的重點。
今年9月在俄國海參崴舉行的亞太經濟合作會議（APEC）領袖會議中，我國領袖代表連戰先生與大陸當局領導人胡錦濤先生會面時，表達了臺灣民眾對於有意義參與國際組織的期待，也獲得正面回應，我們對此表示肯定。這種互信對兩岸關係的發展以及兩岸人民的情感，一定會產生正面的效用。
攜手向前，重現臺灣榮耀
各位鄉親父老，回顧政府遷臺六十多年來遭遇不少挑戰，臺灣人民一向面對艱險，勇往直前。如今國內外情勢再度嚴峻，但我們目標一致、團結一心，一定能夠克服萬難，屹立不搖，就像四年前我們抵擋了金融海嘯帶來的衝擊、重新站了起來一樣，是大家一步一步打拼出來的。
中華民國走過一百年，有許多讓我們感到驕傲與光榮的故事。先烈先賢將國家交給我們，我們有責任讓這個國家繼續發光發熱。歷史，必須延續；未來，更充滿了無限可能。我堅信，中華民國一定會有更美好的未來，讓我們不畏艱險、攜手向前，一起為重現臺灣的榮耀，共同努力。
現在，英九誠摯邀請大家一起為國家歡呼：
中華民國萬歲！
臺灣民主萬歲！
謝謝大家！
::::::",總統蒞臨中華民國一○一年國慶大會致詞,2012-10-17,馬英九
17,"堅定方向團結奮進開創國家新局
大會主席立法院王院長、帛琉共和國雷蒙傑索總統閣下、索羅門群島里諾總理閣下伉儷、甘比亞共和國賈莎迪副總統閣下、各國祝賀代表團及駐華使節代表、吳副總統、各位院長、各位資政、顧問、各位首長、各位僑胞、各位鄉親：大家早安，大家好！
今天，是我們熱愛的中華民國102年的國慶，我們在這裡歡慶國家的生日，當然要感恩前人的努力，但更重要的是，我們要邁開步伐，奔向未來。我們的未來，我們自己來選擇。我們要問我們自己：在民主化的道路上，我們要選擇理性包容的公民社會，還是猜忌對立的政治內耗？在兩岸關係上，我們要選擇互利雙贏的兩岸和解，還是要選擇緊張衝突的兩岸對立？在國際經濟上，我們要做面對自由貿易挑戰的勇者，還是要做躲在保護主義傘下的弱者？這些都是國家發展的關鍵問題，也是全民必須共同面對的關鍵選擇。
國家戰略：脫胎換骨找到出路走出活路
面對這些問題與選擇，身為總統，英九必須提出一個前瞻務實的國家戰略。這個戰略，對內，要能讓我國的經濟、政治、社會真正脫胎換骨；對外，要能讓臺灣在激烈的全球經濟競爭中，找到出路；在複雜的國際政治環境中，走出活路。簡單的說，這個國家戰略，就是要讓我們的國家脫胎換骨、找到出路、走出活路。
和平常態化交流制度化
過去，臺灣曾選擇對抗與鎖國，讓臺灣海峽和朝鮮半島成為東亞的兩大火藥庫。現在，我們的戰略一方面是堅持自由、民主的價值，一方面是與大陸推動和解與合作。經過這五年的努力，今天的臺灣海峽已經成為亞洲最和平的海峽、最繁榮的通道。
各位鄉親：兩岸人民同屬中華民族，兩岸關係不是國際關係。五年多來，兩岸在「一中各表」的「九二共識」基礎上簽署了19項協議，實現了海空運直航、陸客來臺、司法互助、經濟合作等交流，其中包括三年前簽的「兩岸經濟合作架構協議」（ECFA）與今年六月簽訂的「兩岸服務貿易協議」。四天前，蕭前副總統以我國領袖代表的身分與大陸領導人習近平先生在印尼亞太經濟合作（APEC）會談，陸委會王郁琦主委也與大陸國臺辦的張志軍主任會面，並互稱官銜。這都是兩岸在「正視現實，互不否認，共創雙贏」的基礎上開創的成果。當前兩岸應該不斷透過溝通協商來增加政治互信；不斷擴大深化各項交流互動來增進人民福祉；同時推動互設兩會辦事機構來強化為民服務，共同為兩岸合作、振興中華再創新的高峰。
國民全球通行國防精實改革
各位鄉親：我們的和平戰略在國際社會不僅得到普遍的肯定，也為臺灣爭取到實質的利益與尊嚴。我國獲得免簽證或落地簽待遇的國家（地區），最近又增加了1個，達到134個。這代表我國人民常去訪問的國家或地區中，98%都不用辦簽證了。同時，中華民國與邦交國邦誼穩固，與美國、日本、東協、紐澳、歐盟及其他無邦交國的關係也不斷提升。
今年，可說是「活路外交」的豐收年，從二月到十月，幾乎每一個月都有具體的成果。今年二月，我們和美國簽訂「特權、免稅暨豁免協定」，使雙方互派人員可以獲得更多保障；三月，我們和美國重啟延宕六年的「貿易暨投資架構協定」（TIFA）之下的談判，頗有進展；四月，和日本簽訂「臺日漁業協定」，解決了困擾兩國四十多年的漁業糾紛，達成「主權不讓步，漁權大進步」的目標；五月，我們第五度參加世界衛生大會（WHA），大幅增加我方的雙邊會談次數與國際能見度；七月，我國也和紐西蘭簽訂「臺紐經濟合作協定」，這是我國與無邦交國簽的第一個自由貿易協定，意義重大；八月，我們解決了與菲律賓就廣大興28號漁船的爭執，為我國漁民爭取到正義與權益；九月，我國以特邀貴賓的身分，參加了睽違四十二年的國際民航組織（ICAO）大會；就在這個月，我們派遣蕭前副總統萬長先生出席亞太經濟合作（APEC）的領袖會議，與美國、中國大陸、日本等多位亞太經濟體領袖或領袖代表舉行雙邊會談，進一步創造參與「跨太平洋夥伴協定」（TPP）等區域經濟整合的機會。中華民國現在不只是和平締造者，更是國際合作的推動者。
各位鄉親，和平戰略不能沒有風險意識，有了和平的環境，我們更能全心推動國防改革。堅實的國防是支撐「防衛固守，有效嚇阻」戰略的基礎。六十多年來，國軍為臺灣安全所做的犧牲與貢獻，值得我們尊敬與肯定。這幾年來我們持續購買防禦性武器；開始實施募兵制；並強化我們的科技戰力，讓臺灣的安全更有保障。
今年七月陸軍士官洪仲丘不幸事件發生後，我們立即修法將軍事審判移轉普通法院，並進行全面的軍政改革，既要保障軍人人權，也要維護軍中紀律，同時提升國軍戰力。英九承諾，我們不僅要讓我們的子弟安心服役，學習專業技能，更要重振軍人士氣，恢復軍人榮譽感，讓國軍受人民尊敬。
臺灣經濟新定位：自由經濟島關鍵價值鏈
各位鄉親，臺灣經濟正面臨全球化與區域整合的雙重挑戰，我們必須重新定位，一方面讓臺灣成為國際經濟體系中關鍵元件和精密設備的提供者，與服務業創新模式的開發者，另一方面要參與全球競爭，吸引全球投資，拓展我們商品和服務輸出的市場，讓臺灣成為「自由經濟島」。
我們正在整合產學資源，積極開發10項工業基礎技術，讓它們在國內生根，成為產業未來創新升級的基礎。我們要更積極協助許多廠商轉型為「中堅企業」，不僅發展出關鍵技術，也逐步建立在國際供應鏈的「隱形冠軍」。
臺灣要成為「自由經濟島」，一方面要全面融入區域經濟整合，另一方面要快速推動「自由經濟示範區」。現在我們面臨的，不是「要不要」的問題，而是「我們已經落後其他國家很遠」的問題。依據2012年的統計，每100美元貿易額中，可以獲得的自由貿易協定（FTA）免稅或優惠的金額，新加坡高達63元，韓國也有34元，我們原本只有0.14元，在「兩岸經濟合作架構協議」（ECFA）生效三年後，才增加到4元，但仍然遠遠落後新加坡與韓國。各位鄉親，我們還能不急起直追嗎？
今年六月我們與大陸簽署的「服務貿易協議」，可以提升我方服務業的動能，創造參與區域經濟整合的條件，還可以為國人增加更多的工作機會。就像嘉義電子商務業者「東京著衣」，七年級的品牌總監周品均小姐告訴我，她大力支持兩岸「服貿協議」，因為政府為電子商務業爭取到全世界前所未有的優惠待遇，可以讓更多像她一樣的網拍高手，在大陸設立官方網站，進一步以自有品牌進軍全世界。
又如臺北市線上遊戲業者「樂陞科技」董事長許金龍先生也跟我說，臺灣遊戲內容輸入大陸，過去審批時間需要六個月以上，甚至遙遙無期，但「服貿協議」大幅縮短審批時間為兩個月，這對大陸市場躍躍欲試的臺灣遊戲業者，有如打了一劑強心針。
就像飲食業者「85度C」，九年前從永和一家街角小咖啡店開始，在臺灣茁壯後，又進一步到香港、大陸及美國、澳洲開疆闢土。到今年八月底，全球已經有744家門市，其中臺灣340家，大陸更高達395家，美、澳等地區也有9家分店。董事長吳政學先生告訴我，為了供應全球展店的龐大人力需求，他要在臺灣設「85學院」，培訓8,000名臺籍幹部，以回饋臺灣。
各位鄉親：身為總統，我一定要幫年輕人圓夢！這些勇敢的年輕人跟我一樣，我們看到了無窮的機會，臺灣有很多像這樣的服務業創業者，他們早就準備好了，就讓他們展翅高飛，盡情地去實現夢想吧！
此外，「自由經濟示範區」目前已進入行動階段。行政院完成了12項行政法規鬆綁，大幅簡化委外加工的關務審驗機制，使示範區內智慧物流的新營運模式逐漸成形。最近上海「自由貿易試驗區」已經掛牌啟動，我們又多了一個競爭對手，所以我們開放的速度還要加快。行政院現正積極檢討在示範區中納入其他產業活動，例如金融業的財富與資產管理，這是正確的方向；不論境內或跨境的金融與經濟活動，我們都應讓自由化的範圍更加擴大，使臺灣能加速朝向「自由經濟島」的目標邁進。我們希望這些自由化的措施，連同其他的產業推動方案，在這兩年內能為我們帶來至少新臺幣3,000億元的民間投資，創造出超過45,000個就業機會。
英九要特別強調，只有開放，臺灣的年輕人才有大舞臺、大希望。現在是全球競爭的時代，勞動力的運用要比以往更國際化、更彈性化，我們要比以往更重視對青年的投資。政府正在加強規劃「促進青年就業方案」，提升青年就業能力，協助青年實現創業及就業的理想。近年來我國青年的創意在國際發明與設計等競賽中屢獲佳績，可以看出我國創意教育與產學合作推廣的成效已在顯現。各位鄉親：大開放、大身手、大舞臺、大希望，這就是我們對青年的大承諾。
各位鄉親：我們希望將來的臺灣，是具有三高特質的自由經濟島：人民的生產力高，產品的附加價值高，更重要的，人民的所得與福利也要跟著提高。這樣的臺灣，是全球企業選擇投資的第一志願；對我們民眾來說，則是幸福的家園。但我們如果沒有開放的胸襟和勇氣，我們就得不到這樣的幸福。
有人擔心開放會帶來衝擊，但經濟的競爭力一直是臺灣的強項，企業的彈性與韌性，以及我們在各種世界機構的評比中排名的進步，證明了我們的經濟體質極為強韌，政府也對各種衝擊有了萬全的準備，我們沒有必要妄自菲薄。各位鄉親：畏懼競爭，只會讓經濟萎縮；勇於競爭，才能創造經濟繁榮，這是臺灣經濟結構轉型的唯一出路。
迎接公民社會擴大關懷弱勢
各位鄉親：我們不僅經濟要面向全球，我們的文明也要向世界看齊。臺灣社會的文明，英九心中有兩大指標，一是公民社會，二是弱勢關懷。
身為總統的責任，是要在民主化的道路上，持續深化民主的信念與文化，以建立公民社會。過去，我們在學習中建立民主；現在，我們要在民主中實踐公民社會。具體來說，一個成熟的公民社會，它所展現的面貌就是「優質民主」，也就是在憲政主義的原則下，人權獲得保障，法治得到貫徹，司法獨立而公正，公民社會得以蓬勃發展。在這個理念下，我身為總統的首要任務，就是遵守憲法，落實憲政。
各位鄉親，英九對臺灣社會充滿信心，我們追求的公民社會有多元包容的價值、理性問政的文化、友善關懷的公民、以及積極回應的政府。公民與政府，可以透過對話，共同推動社會的進步，實踐社會的改革，也可以促進政黨之間理性的競爭。這或許是一段迂迴痛苦的學習過程，但它的果實將是幸福臺灣的滋味。
任何人來到臺灣，都會發現處處有志工，人人有愛心，這是臺灣最動人的風景！社會有愛，政府也有心，我們修正了「社會救助法」，把將近66萬經濟弱勢民眾納入照顧人口。100學年度起全面實施5歲幼兒免學費，對有需要的家庭發放育兒津貼、育嬰留職停薪津貼，至今已有數十萬人受惠。更重要的是，政府開辦了國民年金保險和勞保年金制度，讓375萬沒有參加社會保險的民眾和962萬勞工都享有年金保障。
在臺灣，我們關懷社會弱勢，從不吝於伸手扶持，我們正在營造充滿活力而且關懷弱勢的公民社會，這才是我們在華人世界的標竿，在全世界的驕傲。
與子孫有約
各位鄉親，現在正是我們團結奮進的時刻。我們的目標明確而堅定，就是要留給子孫一個開放繁榮的經濟環境、一個理性關懷的公民社會、一個和平發展的兩岸關係，以及一個友善合作的國際空間。這就是我們的出路與活路。
各位鄉親，我們不怕路遠，只怕沒有方向；我們不怕困難，只怕意志不堅。只要我們堅定方向，勇敢邁出步伐，希望，就在眼前。
現在，讓我們一起高呼：
自由民主萬歲！
中華民國萬歲！
臺灣加油！
謝謝大家。
::::::",總統蒞臨中華民國一○二年國慶大會致詞,2013-10-16,馬英九
18,"以民主為傲，以臺灣為榮
大會主席立法院王院長、布吉納法索總統龔保雷閣下伉儷、巴拉圭共和國總統卡提斯閣下、宏都拉斯共和國副總統艾蕾拉閣下暨夫婿、巴拿馬共和國第一夫人羅蕾納女士、尼加拉瓜共和國國會議長努內斯閣下伉儷、各國祝賀代表團及駐華使節代表、吳副總統、各位院長、各位資政、顧問、各位首長、各位僑胞、各位鄉親：大家早安，大家好！
今天，是中華民國國慶。英九以榮耀、歡喜、感恩的心情，與每一位同胞、嘉賓，在此共同歡慶中華民國103歲的生日。
回顧過去這一年，全球各地發生許多重大事件。例如：兩次的馬航空難、烏克蘭危機、「伊斯蘭國」暴行、蘇格蘭獨立公投、伊波拉病毒蔓延與香港民眾爭取普選行動，這些事件，影響重大，世界各國莫不全神貫注，嚴肅以對。
這段期間，國內也歷經了三月學運、捷運凶案、澎湖空難、高雄氣爆與食安危機，這些事件都讓整個社會震動，每位同胞擔心。
然而，國家建設也有許多新的發展。我們看到花東鐵路電氣化與瓶頸段雙軌化提前9個月通車、臺北臺東成為三小時半可到的一日生活圈；財政健全方案上路，兼顧稅收與公平；補充保費順利達陣，二代健保財務穩健；新兵招募順利、官兵留營踴躍、募兵制兵源穩定；「王張會」兩度舉行，兩岸合作更進一步；十二年國教終於能在「五育均衡」、「適性揚才」的教育理念下，透過各方成熟的民主素養，整合定案、正式上路。
在雙十國慶的今天，我們越加清楚的看見，對重大事件，我們都能依法迅速有效處理，努力讓危機成為轉機。不僅如此，在民眾與政府共同打拼6年後，國家建設也展現了許多具體的成果。
一、我們現在過得更好－拚經濟，拚幸福，成果顯現
自從英九上任之後，一直以「活力經濟」為施政重點。在今年元旦與就職6週年的祝詞中，我也重申「全民拚經濟」的目標。
今年以來，我們的出口持續擴張，經濟成長率不斷上修，股市的價與量都創6年多來的新高；經濟景氣燈號連續7個月出現代表「穩定」的綠燈，失業率降到6年來最低，消費者信心指數則達到14年來最高。今年8月，政府宣布將基本工資的月薪調漲為20,008元，時薪調漲為120元，這是我上任以來，第5次調高基本工資；未來並規劃以減稅方式，鼓勵企業加薪，以進一步照顧基層勞工。我們也讓家戶所得分配五等分差距的倍數，降到近4年來的新低。而今年下半年，國內有將近一半的企業將要增聘員工，人力需求比例排名世界第二，在在顯示臺灣經濟已經進入良性的循環。
今年觀光客來臺的數量，到9月底已經達到721萬人次，今年應可超過900萬人次的目標；「聯合國世界旅遊組織」最近指出，臺灣今年上半年國際旅客成長率達到26.7%，拿下世界第一；洛桑管理學院的世界競爭力排名，我國排全球第13名；在國民幸福指數方面，與「經濟合作發展組織」（OECD）的國家相比，臺灣居第18名，兩項評比，我國在亞洲都名列前茅。整體來說，近一年來，國內經濟確實有改善，但是我們不敢懈怠，一定會繼續努力，讓這塊土地上「人人有感、全民幸福」。
二、我們越來越團結－同悲歡、共患難，命運相連
7、8月間，澎湖空難與高雄氣爆，讓國人非常哀慟與遺憾。許多民眾有錢出錢，有力出力，協助災民度過難關，展現出「患難見真情」的同胞愛！
近來，劣質豬油事件影響了全臺一千多家食品業者。政府雖然迅速查獲黑心廠商與產品去向，但已造成民眾的恐慌與廠商的損失，更因國際媒體的報導，傷害了國家整體的聲譽，不只是美食而已。政府痛定思痛，立即提出八項強化食安措施。我再次強調，我和所有國人同胞一樣，完全不能接受這樣的黑心行為，也要求行政部門，徹底檢討，嚴查重罰，以杜絕黑心食品的再現。
在另一方面，劣質豬油的揭發，要歸功於屏東一位檢舉4年、鍥而不捨的農民，與臺中一位不推責任、越區辦案的警察。因為他們強烈的正義感與責任心，才使得屏東的黑心業者落網。這個故事也再次彰顯，人性與良知的確是臺灣最美的風景。
越黑暗的時刻，越顯現出許多光明的火炬爭相照耀。我們相信，除了臺灣人民正直善良的本性之外，中華民國自由民主的憲政體制，啟發了公民意識，也實踐了人性價值。民眾主動參與奉獻，是讓我們發自內心關懷彼此、團結一致的重要因素，也是最值得我們珍惜的資產！
三、我們更加自信－擁民主、享自由，中華之光
回顧中華民國103年的歷史，先烈先賢一直有個夢想：要建立一個民有、民治、民享的民主共和國。從國父孫中山先生，到日據時期以來在臺灣致力民主運動的許多前輩，都曾在築夢過程中犧牲奮鬥，流血流汗。感謝他們的努力，讓中華民國成為亞洲第一個民主共和國，更讓臺灣成為第一個民主轉型成功的華人社會。
在歷史的長河中，每個國家都會尋找一個讓國民高度認同的精神基礎，以建立彼此的歸屬感。在現代社會，這個精神基礎就是「自由民主的憲政體制」。在臺灣，人人都是國家的主人，人人都受到憲法的保障。
如今，臺灣早已定期舉行總統與國會選舉，合法登記的政黨有255個之多，中央政府也歷經了兩次的政黨輪替，成為新興民主國家「民主鞏固」的重要典範。
此外，人民透過媒體、網路與集會遊行對公共事務的發聲，蓬勃而多元，不會受到任何箝制，他們的活躍與普及，不僅豐富了民眾的資訊、更深化了政策的討論。在美國「自由之家」的排名中，亞洲各國只有我國與日本並列為「有新聞自由」的國家。民主政治可以包容歧見，促進對話，化解紛爭，帶來社會穩定。就此而言，中華民國提供了最好的範例。
四、我們更包容多元－國際化、多元化，豐富臺灣
過去30多年，有超過40多萬來自東南亞與中國大陸人民，因為婚姻來到臺灣定居。另外有52萬的移工朋友，來臺為我們的公共工程、企業與家庭提供服務。新住民與移工的身影與口音，逐漸成為我們生活中親切熟悉的景象。他們也一樣受到我國憲法的保障。
早先新住民並沒有受到足夠的照顧與尊重，當年的法令對他們也不太公平。面對這樣的處境，他們學會用民主程序來改變命運。來自各地的新住民姊妹與本地的民間團體、學者攜手合作，成立了修法聯盟，積極推動相關立法。在大家的努力下，現在臺灣新住民所處的環境遠比當年更為友善。
此外，越來越多的大陸、港澳學生、海外僑生以及歐美青年，前來臺灣留學，今年預計將超過8萬5千人，是6年前的2.8倍。他們出現在校園、餐廳、捷運、書店、風景區或演唱會，活躍而醒目，也讓人不禁覺得臺灣真的是越來越國際化了！他們豐富了臺灣的人文風貌，我們也學到更包容友善的態度與更寬廣多元的視角。「讓臺灣走向世界，讓世界走進臺灣」已經不是口號，而是我們每天生活的一部分了。
五、我們更積極主動－盡本分、交朋友，暢行天下
中華民國的民主成就，不只展現在內政上，在外交方面，也有重大突破。例如去年4月與日本簽訂「臺日漁業協定」，和平解決了釣魚臺海域40多年的漁權爭端，做到「主權不讓步，漁權大進步」，廣獲國際社會肯定。包括美國國務卿凱瑞（JohnKerry）、澳洲國防部長江司頓（DavidJohnston），都稱道這項協定有助於區域和平。去年5月的廣大興28號漁船事件，我們以和平的談判促成菲律賓道歉、賠償、懲兇，並達成執法三項共識，還我漁民正義，也解決了臺菲間30年的海域執法爭端；此外，英國法院同意引渡在臺犯罪後潛逃返英的英國公民林克穎回臺服刑；我國的官方代表，可以正式參加睽違三、四十年的聯合國專門機構的會議；中華民國護照在世界140個國家與地區享有免簽證或落地簽的待遇，好用程度排名全球第22。這些都使得國民在國外旅行時，享受到前所未有的尊嚴與便利。各位鄉親，自由民主的中華民國，已經獲得國際社會信任。我們的護照，也成為象徵文明與法治的國際品牌，這絕對是臺灣的榮耀。
在兩岸關係上，6年來，臺海兩岸從衝突到和解，從對抗到協商，我們的民主憲政也發揮了作用。不論是「在中華民國憲法的架構下，維持臺海不統、不獨、不武的現狀」，或是「九二共識，一中各表」，都是依據憲法所制定的政策。尤其「九二共識、一中各表」，更是兩岸6年來和平發展的關鍵，也是我方不變的堅持。這樣的主張，在歷次的民調中，都獲得多數民眾的支持；最近兩次總統選舉的結果，也證明這樣的政策已經通過臺灣民意的檢驗。我們與大陸簽訂的21個協議，都送到立法院備查或審查，接受國會監督。未來，兩岸政策仍然將遵循這個民主機制運作。而今年兩次歷史性的「王張會」，更反映兩岸關係的大幅進展，也彰顯我政府維護和平與繁榮的決心。
今天，我們要再次呼籲海峽對岸：此時此刻，正是中國大陸走向民主憲政最適當的時機。當前的中國大陸，經濟發展快速，人民生活顯著改善。古人說：「倉廩實則知禮節，衣食足則知榮辱」，大陸13億6千萬人民在進入小康社會的同時，當然也希望享有更多的民主與法治。這從來就不是西方人的專利，而是全人類的權利。
針對香港民眾最近為爭取特首普選的行動，我也要再次表達堅定的支持。大陸與香港的民主發展，取決於領導人面對改革的智慧與度量。30年前，鄧小平先生在推動「改革開放」時，曾說出「讓一部分人先富起來」的名言；今天的香港何以不能比照辦理，「讓一部分人先民主起來」？充分實現17年前大陸對香港的承諾：「港人治港，高度自治，普選特首，五十年不變」。果真如此，這必將化危機為轉機，讓大陸與香港雙贏，同時臺灣人民也必然樂觀其成，大大有利於兩岸關係的發展。我們衷心期待，不論是港澳，還是大陸，都能一步步實現國父孫中山先生一生追求的民主理想。
我們認為，民主的發展沒有公式，憲政制度也難以移植，但我們相信，只要方向正確，以中華民族的智慧，一定能找出一條兼顧穩定發展與民主自由的道路。站在共享血緣、文化與歷史的基礎上，我們樂意與大陸及港澳人民，攜手合作，交換經驗，共同探索中國大陸推動政治經濟改革的最佳方案。相信2千3百萬的臺灣人民，也都樂於分享民主經驗，讓炎黃子孫的成就在世界發光！
六、自由民主永續臺灣
當然，回過頭來，我們對於臺灣民主發展在近年來所面臨的問題，也應該坦誠面對。民主很可貴，卻也非常脆弱，它需要珍惜與呵護，更需要以和平理性的方式來表達，否則可能會倒退。
最近這一、兩年來，出現了一些激烈非法，甚至霸占政府機關的抗爭手段，否定了不同意見者的合法權益。這樣不民主的行為，不僅讓社會出現不必要的對立，也讓不少法案在國會受到少數杯葛而無法審議。當世界各國快馬加鞭進行經貿結盟與區域經濟整合的時候，臺灣卻在原地踏步，甚至被國際媒體認為是「自甘落後」，實在令人心焦。
臺灣經濟最重要的出路，除了調整產業結構、加速創新加值之外，就是法規鬆綁、開放市場、締結各種雙邊或多邊經濟合作協定，以及成立「自由經濟示範區」。這些「以臺灣為主，對人民有利」的解決方案，本來是可以理性討論的，卻一再遭受杯葛，寸步難行。如果反對者不參與討論，又提不出替代方案，實在悖離議會民主的精神，也讓臺灣眼睜睜坐視優勢流失，相信多數國人無法接受。
然而，民主的瑕疵，只有靠更周延的民主來矯治。身為宣誓恪遵憲法的中華民國總統，我堅定相信，重視理性、和平與包容的民主程序，是處理這些歧異最有效的方式。在國家生日的今天，我懇切呼籲所有在野人士，回歸民主憲政體制，依據制度，誠意協商，儘速審查朝野都主張的「自由經濟示範區條例」與「兩岸協議監督條例」等重要法案。我也要在這裡再次強調，不論是我個人，或者所有行政部門，都願意堅持民主、敞開心胸，開誠布公地與各界溝通、對話。民主制度並不完美，但只要秉持理性、和平與包容，它絕對是一個可以促進對話溝通、解決問題的制度。既然我們認同民主法治，就應該彼此尊重，依據民主程序，理性處理爭端。
各位鄉親，各位同胞，感謝大家的努力與支持，讓今天的臺灣生氣蓬勃、經濟繁榮、社會溫暖。但我們更有責任和義務讓中華民國的民主憲政，更加進步、更加完美，成為我們後代子孫的珍貴資產、華人社會的輝煌標竿！我身為中華民國總統，絕對會全力捍衛中華民國的民主憲政。
現在，讓我們一起高呼：
中華民國萬歲！
臺灣民主萬歲！
謝謝大家。
::::::",總統蒞臨中華民國一○三年國慶大會致詞,2014-10-15,馬英九
19,"和平繁榮永續臺灣
大會主席立法院王院長、索羅門總督卡布依閣下伉儷、宏都拉斯副總統阿瓦雷茲閣下伉儷、巴拉圭副總統艾法拉閣下伉儷、聖克里斯多福副總理李察斯閣下、史瓦濟蘭王國副總理戴保羅閣下、各國祝賀代表團及駐華使節、吳副總統、連前副總統、蕭前副總統、各位院長、各位政黨領袖、各位貴賓、各位僑胞、各位鄉親父老、各位媒體與電視機前的朋友：大家早安，大家好！
一、國家生日意義深遠，七年努力成果豐碩
今天是民國104年的國慶日，讓我們一起祝中華民國生日快樂！
今天，我國朝野政黨的領袖，都出席了國慶典禮，令人欣慰。我希望這代表大家無分朝野，都認同中華民國、支持中華民國。
今年的國慶日，還有特別的意義。今年是抗戰勝利暨臺灣光復七十週年。70年前，全國軍民在國民政府的領導下，擊敗了強敵、挽救了國家、光復了臺灣、幫助了盟軍，贏得了二戰。我們今天在這裡歡慶國家的生日，不要忘記在過去120年當中，無數先烈先賢－包括許多來自臺灣的抗日志士與抗戰英雄－所付出的生命與熱血，才能讓我們今天在臺灣享有自由、安定、與繁榮的生活。
七年來，雖然政府全心全意為臺灣打拚，但是還是有一些不如人意的地方，與一些誤解，我們還是必須說明。
七年來，我們捍衛臺灣的自由民主。美國「自由之家」評定：不論人民的政治權利或公民自由，我國都與先進國家一樣，屬於自由國家。
七年來，我們實踐社會公平。照聯合國統計，臺灣「性別不平等指數」是全球最低的前五名。儘管貧富差距仍然不小，但我們的所得分配持續改善。從90年史上最高的家戶所得差距6.39倍，降到了去年的6.05倍，個人所得差距則降到3.98倍，更是14年來最低。我們已經實施回饋稅與兩稅合一減半扣抵，以改善所得分配並促進財政健全；我們即將實施房地合一實價課稅，以實現居住正義，這些都是重大改革。此外，政府已專案提供近6,400億元優惠貸款及16億元利息補貼給20萬戶購屋的家庭；提供81億元的租金補貼，給超過22萬戶租屋的家庭。加上其他措施，總計政府為67萬戶家庭支出總金額達到近440億元，這是歷史的新高，超過七年前的16倍，受惠家庭數則是22倍。
七年來，我們大力推動社會福利。我們鼓勵生育，提供305億元育嬰留職停薪津貼給34萬年輕夫妻；去年全臺新生兒也突破21萬人，是十年來的第二高；我們放寬標準，納入補助的弱勢人民，從26萬擴大到70多萬；我們推動二代健保，讓這個全球頂尖健保的財務更穩健，大多數人的保費不漲，鎖卡人數從96年的近70萬減少到現在的不到4萬，落實弱勢照顧。國民年金保險與勞保年金開辦6年了。《長期照顧服務法》已完成立法，《長期照顧保險法草案》也送到立法院，為長輩提供更周延的老年生活保障。
七年來，我們打造了更能安居樂業的環境。我國治安良好，高居世界第二，受到國際社會肯定。犯罪發生數下降近四成，破案率上升11個百分點；酒駕死亡人數下降七成；詐欺損失金額減少八成；自殺人數大幅下降，已退出十大死因之列；去年，交通事故死亡人數更是20年來最低；我國防制人口販運的績效在美國國務院評比中，連續六年維持第一級。
七年來，政府大力發展再生能源。從98年《再生能源發展條例》實施後，政府推動「千架海陸風力機」、「陽光屋頂百萬座」等政策，使我國太陽能光電的裝置容量五年來成長65倍，發電量成長了53倍；風力發電裝置容量成長1.7倍，而發電量成長2.7倍。這些成果為臺灣邁向綠能低碳社會奠定良好基礎。但是，目前這些再生能源穩定度較低，無法成為基載電力的來源，未來，政府仍然應該在節能減碳的前提下，尋找出臺灣的「最適當能源組合」，全力節能減碳。今年6月，《溫室氣體減量及管理法》通過了，讓我國跟上全球減碳趨勢。
七年來，我們用心拚經濟。根據瑞士洛桑管理學院的《世界競爭力年報》，七年來，中華民國的全球排名總平均是11.5名，這是20年來最好的成績。今年7月，美國《全球金融》雜誌公布以「購買力平價」計算的人均國內生產毛額，我國排名全球第17名，高於德國、英國、法國、日本以及韓國。勞工基本工資連續五年調漲，漲幅接近16％；實質薪資去年成長2.36%，今年上半年成長約4.4%，都是亞洲四小龍最高；我們失業率降到3.73％，是15年來最低；物價相對穩定，在四小龍中最低。而「2014年全球痛苦指數」排行，在108個國家中，臺灣名列第四低。
為因應當前經濟不景氣，兼顧國際產業發展趨勢與臺灣出口導向的特性，我們加速推動「創新驅動」的新經濟模式；並以物聯網為核心，結合雲端、大數據、電子商務應用的「生產力4.0」產業策略，以「系統整合與商品服務」為出口的新藍海，促進臺灣產業升級與經濟轉型。
二、兩岸和平廣受支持，國際空間大幅開拓
七年多來，我們推動兩岸關係和平發展，將臺灣海峽從東亞的戰爭熱點，轉變為和平大道，贏得國際社會普遍肯定。「維持現狀」已經成為臺灣共識；在座朝野政黨的領袖，也都不約而同支持「維持現狀」，確實相當難得，這也再次證明政府七年來的兩岸政策，不但沒有「親中賣臺」或「矮化主權」，反而成為民意的主流。
這七年多來，兩岸簽署了23項合作協議，主管兩岸事務的首長會面多達5次並互稱官銜；陸客來臺累計超過1,400萬人，去年一年就接近400萬人，成長10多倍；來臺陸生從823人增加到33,000人，成長40倍；兩岸簽訂《經濟合作架構協議》後，節省關稅超過25億美元，我方對大陸出口增加，受惠廠商有一半是中小企業；外銷大陸農產品更出現史上第一次順差，而且年年擴大。但臺灣對大陸出口的依存度，反而因為我們分散出口市場而下降。兩岸目前正處於隔海分治66年以來最和平繁榮的時期，與民國97年以前那種衝突對立的「現狀」，完全不同。
在國際關係方面，我們七年多來努力扮演「和平締造者」與「人道援助者」的角色，也開花結果。我們先後在101年與今年提出「東海和平倡議」與「南海和平倡議」，與日本簽訂《臺日漁業協議》，有效解決40年的釣魚臺漁業糾紛，達成「主權未讓步、漁權大進步」的目標；同時，我們與菲律賓也達成海上和平執法、事前通報、儘速釋放等共識。從海地到日本，從菲律賓到敘利亞、從西非到加勒比海、從尼泊爾到薩爾瓦多，從伊拉克到瓜地馬拉，我們提供各種救援物資、捐款或服務，哪裡有大災難，我們的人道援助就送到哪裡，這都讓受惠國人民感念在心，也讓國際社會刮目相看。
各位鄉親父老，七年來國際環境變得友善，兩岸關係的改善是主要因素，臺美關係的提升就是見證。兩岸之間，不再進行惡性競爭，擺脫了「支票簿外交」等負面的國際觀感。這是因為我們以創新的思維，同時處理「兩岸」與「國際」這兩組關係，創造出了一套嶄新的「活路外交」。兩岸關係越平穩，我們越有條件推動「目的正當、過程合法、執行有效」的援外政策，受到國際社會的尊敬與讚許也越多，這是一個互惠雙贏的良性循環。
我國已經連續七年以適當名稱、正式身分、部長層級、平等待遇、直接聯絡等方式，參加睽違38年的「世界衛生大會」；我們也參加了睽違42年的「國際民航組織」大會，加入了世貿組織架構下的《政府採購協定》，這都是從前未能做到的。民國99年，我們與大陸簽署了《兩岸經濟合作架構協議》；100年至今，我們與日本簽訂《投資保障與促進協議》等25個協議；102年3月，我國與美國恢復在《貿易暨投資架構協定》之下的協商；7月與紐西蘭簽訂《臺紐經濟合作協定》，11月與新加坡簽訂《臺星經濟夥伴協定》，這些發展，每一項都是突破。未來，我們還要加入剛剛完成談判的《跨太平洋夥伴協定》，以及《區域全面經濟夥伴協定》，加速參與區域經濟整合。
七年來，中華民國的國際形象變好了，我國觀光客更受到世界各國的歡迎。從民國86年到我上任前的96年，全球只有54個國家與地區，給予我國人民免簽證、落地簽證或簽證便利，而現在已經擴大到153個，增加了99個，這是空前的成長；境外旅客也更喜歡來臺灣，去年已經達到991萬人，是我上任前的2.6倍，成長率全球第二，創造超過4,000億臺幣的觀光收入。這些也是前所未有的。七年前，兩岸關係與國際關係彼此原是惡性循環，我們把它扭轉為良性循環！現在，臺灣多數人要維持的是什麼樣的現狀？就是這個良性循環的「現狀」！
三、兩岸現狀維持不易，盼後人延續目前作法
我們在兩岸關係獲得了可觀的成果，但是，這個現狀，未來能夠維持嗎？坦白說，我確實很憂慮。因為維持現狀不是從天而降，不能視為當然。兩岸關係必須堅持原則，才能維持現狀；一旦偏離原則，現狀就會改變，又回到七年多前兩岸關係停滯、國際關係生變的困境。
以下就是兩岸關係七年來得以維持現狀的五項原則：
第一、在中華民國憲法架構下，維持兩岸「不統、不獨、不武」的現狀。這是有近八成民意支持的「臺灣共識」。
第二、在「九二共識、一中各表」的基礎上，推動兩岸和平發展。這是由臺灣提出、大陸接受、有五成以上民意支持的「兩岸共識」。
第三、「以臺灣為主，對人民有利」的交流原則。
第四、「先急後緩，先易後難，先經後政」的協商原則。
第五、「對等、尊嚴、互惠」的互動原則。
這五原則當中，又以第二個原則－「九二共識，一中各表」－最為重要，因為從23年來「九二共識」的歷史觀察，兩岸關係與「九二共識」，彼此相合則旺，相離則傷，相反則盪。而「九二共識」的依據就是我國憲法，我方表達的「一中」當然就是中華民國，絕不會是「兩個中國」、「一中一臺」、或「臺灣獨立」。過去七年，我們依據「九二共識」所推動的兩岸政策，有效維護臺灣尊嚴，促進兩岸合作，成功創造了臺灣多數人支持的現狀。如果沒有「九二共識」，維持現狀就只是一句口號、一句空話，不可能具體落實，也不可能推動兩岸和平發展。
剛剛提到的「臺灣共識」與「兩岸共識」，就是讓兩岸關係與國際關係產生良性循環的基礎，如果下一任總統願意沿用，兩岸關係將繼續平順。事實上，不論哪一位當選總統，就職時依據憲法第48條宣誓，誓詞第一句就是「余謹以至誠，向全國人民宣誓，余必遵守憲法」。因此，一位中華民國總統，接受依據中華民國憲法達成的「九二共識」，合憲合法，理所當然，有什麼困難呢？
大陸當局最近就抗戰歷史提出「共享史料、共寫史書」的建議，我們抱持開放的態度。我們願意在「對等互惠」、「檔案公開」、「不設禁區」、「自由研究」的原則之下進行，並且不排除外國學者專家的參與。我們相信雙方如能誠實面對歷史，將拉近兩岸人民距離，有助兩岸和平發展。
四、結語
各位鄉親父老，在我任內，兩岸關係越來越和平穩定。但是，在國慶日的今天，我特別說出我的憂慮，一方面基於國家領導人的責任，二方面也是基於我對臺灣的感情。「人無遠慮，必有近憂」，我有必要在這個重要的場合，讓所有國人明白，臺灣將會面對什麼樣的未來，以及因應的方法。
各位鄉親，政府執政，就像是建築一條公路。我們的進度或許不夠快，但我們方向正確、計畫完整、基礎扎實，讓後人一上路就能大步向前。我相信，只要臺灣能堅持走這條正確的道路，我們現在享有的和平繁榮現狀就一定能繼續下去。
現在，請大家和我一起高呼：
中華民國萬歲！
臺灣民主萬歲！
謝謝大家。
::::::",總統蒞臨中華民國一○四年國慶大會致詞,2015-10-14,馬英九
20,"堅定向前，讓國家因改革而偉大
大會主席蘇嘉全院長、我們現場的貴賓、電視機前面及網路上全體國人同胞，大家早安，大家好！
今天是中華民國一百零五年的國慶。我要特別感謝遠道而來的各國貴賓，還有我們從世界各地回到故鄉臺灣的僑胞。謝謝大家，跟我們一起來見證這個莊嚴的國家慶典。
我也要特別謝謝陳金鋒先生，今天他離開了熟悉的棒球場，帶領所有人唱國歌。他是我們全臺灣人心目中的英雄。
在國家生日的這一天，我要向這麼多年來，曾經為這個國家奉獻和犧牲的人，致上我最深的敬意。
這個國家曾經走過威權統治、走過族群對立、也曾經走過國家認同的尖銳對立。對於過去，我們心中抱持感念。現在，新政府肩膀上的責任就是讓這個國家脫胎換骨。
在520就職演講中，我提到「改變年輕人的處境，就是改變國家的處境」。過去幾個月以來，我們所啟動的改革，每一項都是圍繞著這個主軸在前進。
年輕人憂慮房價太高、負擔太沉重，我們便著手辦理社會住宅。四年之內我們會辦理八萬戶，預計八年辦理二十萬戶。臺灣會跟許多先進國家一樣，變成一個社會住宅普及的國家。
年輕人要衝刺事業，政府要讓他們沒有後顧之憂。家中的長輩需要有人照顧，我們著手推動長照制度。家中的小朋友需要照顧，我們著手推動托育計畫。
我們的年金制度可能破產，我們用最嚴肅的態度來處理這個問題。在年金改革之後，年輕人的負擔會相對減少，年輕人也不用擔心繳交的費用，到老付諸流水，而且這個國家將公平地保障每一個國民退休之後，有尊嚴的生活。
同樣的道理，我們推動轉型正義。新政府要給予臺灣的民主政治一個嶄新的開始，給年輕人一個健康多元的民主政治，這就是推動轉型正義的真諦。
除了這些正在推動的政策之外，我們也正在推動經濟產業的振興。我們提出以創新研發為動能的「5+2」產業發展計畫。在前一段時期，這些計畫以及相關法規修正配套，也已經一一啟動。我們的目標很清楚，我們要為年輕人創造好的工作機會，提高他們的薪資。
產業轉型是振興這個國家經濟的根本之道，我們會堅定地往這條路邁進。但是這是一條漫長的路，不過，我們有決心，突破各種困難。政府已經提出擴大投資方案，從改善投資環境、激發民間投資、加強公營事業投資、以及強化創新等等，多管齊下，致力扭轉低迷多年的經濟。
我們的努力已經有初步的成效，上星期，我們在臺北舉行的全球招商大會。外資來臺的投資意向金額，已經創下近年新高。外資重燃對臺灣的信心，是因為我們有堅定的決心及改革的勇氣。臺灣經濟的振興及產業的轉型，關鍵就在我們自己。
親愛的國人同胞，改革的路上一定會有波折。不過，我誠懇呼籲全體國人，不要因為這些波折而對臺灣失去了希望。
這是有史以來第一次，這個國家的所有人，可以一起好好坐下來思考：我們到底要留下一個什麼樣的國家給年輕人？不要讓這個機會從我們手上溜走，決定權就在我們這一代人的手上。
新政府的藍圖很清楚，我們過去幾個月的作為，就是要讓這個國家脫離原地踏步的狀態。產業轉型帶領臺灣經濟發展，社會安全網確保國民的安全，年金改革確保國家財政與人民的退休生活，轉型正義要讓民主重新出發。同時，我們司法改革的準備工作也正在緊鑼密鼓進行中，一旦司法人事到位之後，改革就會加速進行。
我們堅持帶領國家往前走，方向已經確定，我們將會在這個方向上繼續前進，絕不退縮。
臺灣人民嚮往和平、追求民主、希望走出去，希望對國際社會做出貢獻。
新政府上任之後，秉持「踏實外交、互惠互助」的原則，我走訪了巴拉圭和巴拿馬兩個邦交國。會晤了巴拿馬、巴拉圭、多明尼加、宏都拉斯、貝里斯、薩爾瓦多、瓜地馬拉等國的元首或副元首。我們的副總統陳建仁先生則走訪了多明尼加及教廷。我們希望，外交不是單方面的投入，而是跟友邦攜手規劃互惠的合作計畫，讓雙方共蒙其利。
我們積極地走向世界，即使參與國際組織的路不好走，但是我們還會堅定地走下去。臺灣從來沒有在重要的全球性議題上缺席，即使受到壓力，我們依然要跟所有主要的民主國家一起努力，希望對人類做出有意義的貢獻。
在過去幾個月，我們和友邦進行了多場跨國的活動，包括疾病防治、能源效率、婦女賦權，以及為縮短區域數位落差所舉辦的電子商務訓練，以實際行動為區域發展做出貢獻。也在這段時間，我們和不同國家積極討論災害防救、海上搜救以及各項海事合作議題，建構區域合作的能量。臺灣能為國際社會做出貢獻，就是我們臺灣人民值得驕傲的成就。
新政府跟美國、日本，以及歐洲等民主國家的關係，在520之後，都有實質的成長。這些國家對於臺灣的國際參與議題，支持的力道也超過以往。在這裡，我要代表國家向這些國際上的好朋友，致上臺灣人誠摯的感謝。
同時，為重新定位臺灣在亞太地區的角色，並尋找新的成長動能，我們積極推動新南向政策，並且已擬定政策綱領及推動計畫。未來將在經貿、科技、教育、文化、觀光等方面，和東南亞、南亞、澳大利亞及紐西蘭等國家，加強互惠互助的合作關係，並透過廣泛的協商對話機制，建立合作共識，減少障礙。
我們和中國大陸在區域發展中扮演著不同的角色。臺灣將充分利用在人才培育、農業發展、科技創新、醫療、中小企業等領域的經驗及優勢，為區域發展做出積極貢獻。我們也願意在區域基礎建設及多邊經貿合作方面，和對岸進行協商，攜手合作，共同樹立歷史的里程碑。
對於兩岸關係，我要再次重申，建立具一致性、可預測、且可持續的兩岸關係，維持臺灣民主及臺海和平的現狀，是新政府堅定不移的立場。
「維持現狀」是我對選民的承諾。在520就職演說中，我的每一句話都未曾改變：新政府會依據中華民國憲法、兩岸人民關係條例及其他相關法律，處理兩岸事務。我們也會盡最大努力來維持兩岸間的對話與溝通機制，我們會尊重1992年兩岸兩會會談的歷史事實，也主張兩岸應該共同珍惜與維護1992年之後，20多年來雙方交流、協商所累積形成的現狀與成果，並在既有政治基礎上，持續推動兩岸關係和平穩定發展。我也呼籲，兩岸的兩個執政黨應該放下歷史包袱，展開良性對話，造福兩岸人民。
雖然過去幾個月，兩岸關係有些起伏，但我們的立場仍然一致而堅定。我們的承諾不會改變，我們的善意不會改變，我們也不會在壓力下屈服，更不會走回對抗的老路。這是我們對「維持現狀」的基本態度，也是基於對兩岸和平的共同願望。
我要強調，「維持現狀」更積極的意義，是在深化民主機制的基礎上，以更前瞻積極的作為，推動兩岸建設性的交流與對話，進而建構可長可久的兩岸和平穩定關係。
我要呼籲中國大陸當局，正視中華民國存在的事實，正視臺灣人民對於民主制度的堅信。兩岸之間應該要盡快坐下來談，只要有利於兩岸和平發展，有利於兩岸人民福祉，什麼都可以談。兩岸領導人應該共同展現智慧和彈性，以冷靜的態度，一起把兩岸現存的分歧帶向雙贏的未來。
從520到現在，過了一百多天，許多的工作，都逐步展開。我要在這裡特別感謝林全院長所領導的行政院團隊。改革沒有捷徑，走捷徑的改革通常不是真改革。為了讓國家真正脫胎換骨，新政府選擇一步一腳印，務實前進。有錯就改，對的事情，就堅持到底，不必憂讒畏譏。我想，這才是臺灣人民期待的政府。
今年六月，我拜訪巴拉圭的時候，卡提斯總統告訴我：「你的國家比你想像的更大」。在今天演講的最後，我就用這句話獻給我們全體國人。我們的任務，就是要讓人民相信，這個國家將因改革而偉大。
謝謝大家。祝我們的國家國運昌隆、一切順利。
謝謝。
::::::",總統蒞臨中華民國一○五年國慶大會致詞,2016-10-12,蔡英文
21,"更好的台灣
大會主席蘇嘉全院長，現場的各位貴賓，電視機前面，以及網路上的全體國人同胞：大家早安，大家好！
今天是中華民國一百零六年國慶。在這個重要的日子，我要代表國家，感謝從世界各地遠道而來，跟我們一起共度中華民國生日的僑胞和朋友們，謝謝你們。
今天，是屬於兩千三百萬台灣人民的日子。現場有來自各政黨的代表，國民黨的吳敦義主席、親民黨的宋楚瑜主席、時代力量的黃國昌主席，還有民國黨的徐欣瑩主席。
在中華民國生日的這一天，我們不分黨派、放下不同立場，一起在這裡團聚，這就是國慶日的意義。
今年國慶的主題是「更好的台灣」。我要特別藉這個機會，向李登輝前總統、陳水扁前總統，以及馬英九前總統三位民選總統，表達謝意。
三位代表了台灣追求民主自由的不同階段，三位所領導的政府，也都各自為台灣的發展留下了政績。也許我們彼此之間，對國家未來的發展方向，有不同的想法。但我相信，歷任政府想要為這塊土地奮鬥的心，都是一樣的。
去年五二○開始，新的民意，給「更好的台灣」一個新的動能。我受到民意的託付，一定承擔使命，全力以赴，讓台灣更好。
一、兌現承諾，衝刺改革
過去這一年多來，我所領導的政府，從三個面向來實現更好的台灣。第一是兌現承諾，衝刺改革，讓人民過更好的生活。
我們努力翻轉台灣的經濟及產業結構，全力解決企業界反應的「五缺」問題。五加二產業創新計畫，已經進入加速的階段，希望能加快台灣產業的升級與轉型。我們所提出的前瞻基礎建設計畫，更是要以公共部門的投資，來帶動私人部門的投資。過去一整年，來自國內外的廠商投資台灣的意向和金額，都持續攀高。此外，各界所期待的稅改，也正在進行中。
我們所承諾要辦理的「社會住宅」，也正按照計畫來實現進度。「住宅法」已經完成修法，到目前為止，全國已經有三萬多戶的社會住宅正在興建或規劃中。
我們承諾過要落實的「長照2.0」，第一階段七百二十個社區化、公共化的服務據點已經布建完成。三年內，我們會將據點數大幅增加，讓大家都可以就近得到照顧服務。
我們的「擴大幼兒教保公共化」計畫，也已經開始執行。這項計畫會在四年內，增設一千班公共化幼兒園，將公共化幼兒園占幼兒園的整體比重，提高百分之十。希望能夠給父母更多的選擇跟機會，減輕大家的壓力。
最受全國人民矚目的公教年金改革，在經歷無數的討論和波折後，終於在今年夏天通過了。改革不僅舒緩了年金破產的危機，也讓年金制度可以永續。
我們也召開了「司法改革國是會議」，提出了改革建議，讓司法院、法務部能夠參考這些建議，邁開改革的腳步。未來每半年，就會向社會說明改革的進度。
為了讓人民參與司法，司法院會加快腳步，在年底前提出國民法官制度的草案。為了落實監督，法官和檢察官的評鑑制度，將會納入更多外部委員，提高獨立性和公正性。為了提昇效率，我們會改善法院審判程序，調整法院組織，不再讓訴訟曠日廢時。
人民所關心的毒品問題，是政府施政的最重要事項。我們會整合跨部會、跨縣市的資源，用整個國家的力量，全力推動反毒。所有相關部門都會動起來，共同執行國內防毒、拒毒、緝毒、戒毒的工作。同時，我們也展開跨國合作，從源頭共同打擊區域內生產、販毒的集團，將毒品阻絕於境外。
去年以來，在各單位通力合作下，我們已經連續破獲多起大宗毒品走私案件。接下來，除了積極推動毒品危害防制條例的修法，加重販毒刑責。我們也會透過「毒品防制基金」，給予施用者、戒治者足夠的社會支持，讓他們能夠遠離毒品，從根源解決問題。
我們是解決問題的政府。像這樣把台灣面對的困難，一項一項克服，這就是我的工作。無論改革多困難，我和賴院長領導的行政團隊都會堅持到底、兌現承諾。我相信，當問題一個一個解決，改革一個一個實現的時候，我們就會有一個更好的台灣。
二、捍衛台灣的民主自由
在國慶的這一天，我們也要記得，民主和自由，是全體台灣人民，經歷無數努力，才爭取到的權利。因此，政府要努力的第二個面向，就是要用盡全力，捍衛台灣民主自由的價值跟生活方式。
一年三百六十五天，一天二十四小時，我們的國軍弟兄姊妹，都在崗位上為守護台灣而努力。
各地的空軍基地，有飛行員全副武裝，一有狀況，飛機會立即升空保衛領空。海面上有我們的海軍、海巡的船隻正在巡弋。陸軍的例行操演跟衛哨工作，沒有一刻鬆懈。在戰管中心裡面，有幾百雙眼睛，監看著周邊海域和空域上，有沒有任何異常活動。
在中華民國生日的這一天，我要謝謝所有的國軍弟兄姊妹們。各位是中華民國生存發展的保衛者，是台灣民主自由生活方式的堅強靠山。
作為三軍統帥，國防轉型，是我責無旁貸的任務。
我們要強化國軍戰力。面對現代化的戰爭，新世代不以量多，但以質精為導向的部隊，必須有更強韌的戰力。
無論是在網路、三戰滲透，或是關鍵基礎設施的保護上，都要更加精進。同時，國軍必須落實聯合作戰，整合各軍種的任務，防衛固守、重層嚇阻，全力捍衛兩千三百萬人民的安全。
我們也要提振國軍士氣。這一年多來，從個裝全面更新、營舍大規模改建、兵役制度的精進，到新增的各項加給，我相信國軍弟兄姊妹們，都有感受到我們的用心。
同時，我們也鼓勵在營軍士官的進修、培養專門技術，讓士官兵在營有專業，退伍有專長。更重要的，我們會參考先進國家的制度，為軍人量身打造一套鼓勵「長留久用」的軍人退撫新制度。
另外，我們更要落實國防自主。國防事務不只是國軍的事，更必須要有社會的連結。透過技術的交流，我們要積極打造國防產業，落實國防自主。
現階段的國機國造、國艦國造，已經創造許多新的工作機會，尤其是給予年輕世代的專業工程師、研發人員，許多接受挑戰的機會。我相信，把整個國防產業振興起來，不只會提升國軍的戰力，同時對產業發展，也會有很大的幫助。
我們全力強化戰力，但不會求戰。我們會致力維護台海及區域和平穩定，捍衛台灣自由民主的生活方式，及台灣人民選擇未來的權利，不受影響。
兩岸關係發展攸關台灣前途及兩千三百萬人民的長遠福祉。從去年五二○到現在，為維護兩岸關係和平穩定發展，我們已盡了最大的善意，雖然因為雙方政治立場差距造成兩岸的波折，但也努力維持兩岸關係的基本穩定。
我也多次重申，「我們的善意不變、承諾不變，不會走回對抗的老路，但也不會在壓力下屈服」，這就是我們處理兩岸關係一貫的原則。
今年是兩岸交流三十週年。三十年來，兩岸從敵對走向和平發展，為兩岸關係寫下歷史新頁，關鍵就在雙方可以擱置政治爭議，實事求是，在交流互動中，不斷累積善意，創新思維及模式。
我們應該珍惜三十年得來不易的成果及累積的善意，在既有基礎上，尋求兩岸關係的突破。
今年也是台灣開放大陸探親三十週年。那些親人見面的畫面，即使到了今天，一回想起來，依然深受感動。
從2011年開放陸生來台以來，我們看到兩岸年輕人可以一起生活、一起學習、一起思考。在相處的過程中，他們對彼此成長背景的差異有所理解，也對一起打造更美好和平的世界，培養出一些默契。
面對兩岸及區域發展的新情勢，兩岸領導人應該共同努力，展現長年累積而來的圓融政治智慧，以堅定意志和最大耐心，共同尋求兩岸互動新模式，為可長可久的兩岸和平穩定關係，奠定堅實基礎。
三、積極為台灣尋找在國際新秩序中的位置
除了兌現承諾，捍衛台灣的民主自由，為了實現更好的台灣，政府所做的第三個面向，就是積極為台灣尋找在國際新秩序中的位置。
今天，我們跟來自世界各地朋友，共聚一堂，我要再一次重申，我們是和平的愛好者。我們有意願也有能力，對國際社會做出更多有意義的貢獻。
台灣是整個亞太地區和平、穩定和繁榮不可或缺的角色。基於共同對民主、自由的堅持，我們會跟理念相近國家，保持密切的合作。同時，我們也積極推動「新南向政策」，跟周邊國家建立更緊密的關係和連結。跟去年同期相比，台灣跟新南向國家之間的貿易額，成長了將近百分之二十，成果已經展現在國人同胞眼前。
我們鼓勵人才的交流。現在，參加海外青年技術專班的人數，正快速成長當中。這些擁有跨國經驗的學生，未來就是促進區域繁榮的人才。
我們也鼓勵產業的合作。經濟部已經分別在越南、菲律賓、印尼、緬甸、泰國和印度，成立了台灣投資窗口，提供雙向投資的諮詢服務。
我們也透過海外信保等機制，為想要前往東南亞投資的中小企業，提供信用保證。台灣和新南向國家的企業，可以發揮各自的優勢，形成互惠雙贏的產業鏈結。
我們提出「新南向政策」的目的在於，幫台灣在國際社會中，重新找到有利的位置。我要藉著這個機會，向全世界的朋友們說，面對快速變化的亞太地區，台灣已經準備好為區域的繁榮及穩定，扮演更重要的角色。
今年，我們已經成立登革熱防疫平台，將和東南亞國家合力防疫。往後，我們將積極建設太平島成為人道救援中心，我們也計劃在東沙島，設立溫室氣體監測站。這些軟實力會成為台灣人民驕傲的來源，也會成為區域穩定和平繁榮的助力。
除了和新南向國家之間的合作之外，我們也希望能夠透過國際組織的參與，讓台灣積極加入國際社會的運作。
我們落實各項國際人權公約的審查，全力推動聯合國SDGs「永續發展目標」，發布了第一份國家自願檢視報告。
同時，我們也推出了台灣版的ODA，也就是「政府開發援助計畫」，提供新南向國家以及邦交國融資協助，來推動基礎建設，以及重要的發展計畫，同時讓台灣業者和政府共同走向世界。
當前國際間的重要課題，除了傳統安全議題之外，包括氣候變遷、資源耗竭、疾病傳播、以及恐怖主義等等非傳統安全的威脅，也是當前所有國家共同面對的挑戰。
面對這些挑戰，世界上主要民主國家的外交政策，都朝向「結合傳統和非傳統議題」、以及「整合政府和公民社會力量」，這兩個方向在調整當中。我們會順應國際潮流，在傳統的國家安全議題之上，建立以人道為中心的新安全觀。
這就是明天即將展開的「玉山論壇」的意義。我們要讓台灣成為推動亞太創新與進步價值的前鋒。
我們歡迎來自各國的民間及官方力量，在促進區域發展、環境保護、醫療衛生、宗教自由、市場自由，以及多元文化等議題上，彼此交流意見，為台灣及世界的永續發展創造有利的環境。
藉著這個機會，我也要跟在場的邦交國領袖、代表們致上台灣人民最誠摯的謝意。「踏實外交，互惠互助」是我們的外交方針。邦交國，代表著相互扶持，共同克服挑戰。謝謝你們總是在各種國際場合，為台灣的處境仗義執言。請你們相信，台灣絕對是各位最堅定的盟友。
各位親愛的國人同胞，當我們所有人都團結在一起的時候，台灣會無比堅強。我們剛剛才經歷過一個團結的夏天。在世大運的運動場上，我們跟所有的選手一起為奪牌而振奮、一起為挫敗流淚，一起感受台灣被世界看見的喜悅。
這些共同的感動，是因為我們一起生活在這塊土地上，體驗共同的生活經驗，也感受共同的喜怒哀樂，更要一起承擔共同的未來。
在場有我們國內各政黨的代表，我也期許，未來在憲政改革的推動過程中，能與各位交換意見。不只是國內的各種改革，今天我所提到的，捍衛民主自由，積極在國際社會找新定位，全部都需要一個團結的台灣來共同面對。
在這裡，我正式邀請各政黨領袖坐下來談。只要我們團結，我們一定可以將台灣引以為傲的民主、自由、與繁榮，再一次推向全世界。
在今天致詞的最後，我要謝謝一位特別的台灣人。也就是今天為我們領唱國歌的甘惠忠神父。甘神父為台灣犧牲奉獻了幾十年，現在，這位和我們分享光跟愛的神父，正式成為中華民國國民。我要代表全體台灣人民，向您說聲謝謝。
請您保重身體，也請您放心，台灣會繼續張開雙手，迎向全世界。
台灣一定會更好。我們會因為民主而偉大，我們會因為自由而偉大，我們會因為團結而更偉大。再次感謝所有的台灣人民。我們一起更好，謝謝大家。
::::::",總統蒞臨中華民國一○六年國慶大會致詞,2017-10-12,蔡英文
22,"民主台灣照亮世界
大會主席蘇嘉全院長，現場各位貴賓，電視機前面、以及網路上收看直播的全體國人同胞：大家早安，大家好！
今天是中華民國一百零七歲的生日，現場有許多來自世界各地的僑胞和好朋友，跟我們一起歡度國家的慶典。我要代表台灣人民，跟遠道而來的各位，致上最深的謝意。
在國慶這一天，我們不只要共同慶祝，更要一起思考國家的未來。過去一年，新的國際局勢正在考驗著每一個國家，也考驗著台灣。政府無時無刻都在思考，如何從挑戰中發現機遇，如何在變動中，找出國家的最佳戰略位置和出路。今天我就要藉著這個機會，向全國人民完整說明政府的因應之道。
一、國際變局及台灣的因應之道
相信大家都觀察到，國際政經局勢正面臨劇烈的變化。美中之間的貿易衝突，讓國際產業分工出現重組，也對原有的經貿秩序帶來衝擊。
在此同時，印太地區及兩岸關係的複雜度，也相應升高。中國試圖挑戰區域現狀的作為，已經引起國際社會高度關注。台灣位處西太平洋第一線，自然承受了巨大的壓力。
這段時間以來，中國單方面的文攻武嚇和外交打壓，不但傷害了兩岸關係，更嚴重挑戰了台海和平穩定的現狀。
面對打壓，有些人希望政府採取更具對抗性的立場。不過，也有另外一些人認為，我們應該要退讓妥協。
但是各位，越是劇烈的變局，台灣就越要維持穩定，以沉著的態度化解壓力，冷靜地尋找生存的利基。
這是兩年多來我一貫的堅持。維護兩千三百萬人民自由民主的生活方式，捍衛中華民國台灣的永續發展，維持台海和平跟區域穩定，這是全體台灣人民的最大公約數，每一個負責任的政治人物和政黨，都應該堅持捍衛到底！
當全世界都在因應中國勢力擴張的同時，我所領導的政府要讓世界看見台灣的強韌。捍衛台灣的最佳方案，就是要讓台灣在世界上變得不可或缺，也不可取代。
外在力量企圖單方面改變兩岸現狀的做法，不可能被台灣人民接受，任何違反普世價值的主張，也絕不會獲得國際社會的認同和支持。
我也要再次呼籲北京當局，一個負責任的大國，應該在區域及全球，扮演良性的角色，而不是衝突的來源。
做為總統，我要向大家保證，我們不會貿然升高對抗，也不會屈從退讓。我不會因一時的激憤，走向衝突對抗，而讓兩岸關係陷入險境。我也不會背離民意，犧牲台灣的主權。在變局當中，我們絕不錯估情勢。激化衝突或者妥協屈從，都只會治絲益棼。
我們的因應之道，就是「求穩、應變、進步」。這條路雖然充滿挑戰，但卻是現階段台灣必須穩健前行的道路。
有效的因應策略，植基於堅強的國力。所以當前最重要的任務，就是強化國家安全、強化經濟實力、強化社會安全網，不斷地「壯大台灣」，厚植實力，提升台灣在國際上的不可替代性，這才是台灣永續生存的利基。
二、國家安全的強化
當前國家安全所面臨的挑戰，已經不僅僅是傳統的國防軍事安全。外交施壓、社會滲透，甚至經濟安全，都是可能造成威脅的手段。當務之急，就是建構整體戰略，啟動國家安全強化的工程。
（一）推展價值外交
國家安全整體布局的第一個面向，就是在外交上強化價值連結，建構台灣不可取代的戰略重要性。
台灣擁有重要的地緣戰略地位，面對國際變局，我們的戰略選擇相當清楚，就是要堅守自由民主及市場經濟。這兩項根本價值，是台灣今天成為亞洲民主典範及發展經濟實力的重要基礎。
過去兩年，在中國的壓力下，我們堅持價值理念，展現高度韌性，讓越來越多理念相近國家，表達對中華民國台灣的支持。
尤其是美國，最近不僅國會通過了許多友台法案，日前彭斯副總統，也公開譴責中國打壓台灣外交，並且肯定台灣的民主制度。
和台灣共享民主價值的日本，無論是在國際場合的聲援、或是天災時相互協助關懷，都讓兩國間的友誼越發密切。
前陣子，歐洲議會也通過決議，肯定台灣民主發展，同時呼籲歐盟國家全力遏止中國武力挑釁台灣、破壞台海和平。
我們也有許多友邦，積極為台灣奔走，呼籲國際合作不該遺漏台灣。今天，三位為台灣仗義執言的好朋友，巴拉圭的阿布鐸總統閣下、聖露西亞的查士納總理閣下，以及聖克里斯多福及尼維斯的席頓總督閣下，也出席了我們的國慶典禮。
讓我們藉著這個機會，向他們表達最誠摯的感謝。現在請大家用熱情的掌聲，歡迎這三位遠道而來的貴賓。
（二）提升國防戰力
國家安全整體布局的第二個面向，就是提升國防戰力。
「重層嚇阻，防衛固守」，是我們的軍事戰略。它的核心價值，就在提升中華民國國軍的戰力。我曾說過，只要蔡英文當總統的一天，國防預算每年都會穩定成長。我們精實的部隊和戰備，絕對有能力捍衛台灣的主權！
此外，我們也全力強化「國防自主」的能力。今年六月，我到漢翔公司，主持高教機的開架典禮，今年八月，我也在海軍司令部宣示「新海軍啟航」。
重啟延宕多時的高教機國造和潛艦國造計畫，將引領國防工業邁向新時代。未來的國防工業，不只能夠強化國軍戰力，更能夠透過帶動產業升級和群聚，成為經濟發展的重要動力。
（三）強化內部安全
國家安全布局的第三個面向，是阻止外來勢力對國內進行滲透破壞，確保民主制度及社會經濟正常運作。
台灣的多元民主，是我們堅決守護的價值。但是如果有其他國家，利用台灣社會的自由，來進行滲透、製造亂象，我們一定會用盡一切方式來防範，絕對不會坐視。
無論是製造散布假消息、非法竊取科技情報，還是蓄意破壞資訊安全系統，甚至企圖用各種方式介入選舉、干擾政治運作的行為，只要罪證確鑿，我們一定嚴辦到底。
針對系統性、來自特定國家背景的假消息傳播，我們也會加強跨國合作。不僅僅是交流經驗，未來更要建立查核和通報機制，共同來因應這些假消息對各國的社會穩定，所帶來的破壞和衝擊。
（四）重整全球經貿戰略
國家安全整體布局的第四個面向，就是全球經貿戰略的重整及全新布局。
面對美中貿易衝突，和全球經貿秩序重建的巨大變局，我們必須調整台灣在區域發展及全球供應鏈的角色。我們要以中、大型台商在區域分工的整合能力及全球布局能量，加上中小企業的活力，來開展全新的戰略布局，催化台灣經濟全面轉型升級。
我們要做三件重要的事情：
第一，從產業結構及資源互補的角度，在研發及尖端製造領域，和美、歐、日等工業先進國家，建立緊密的產業分工及技術連結，創造全新、高效率的供應鏈。
第二，從資源及市場共享的角度，在具發展潛力的新南向國家及其他新興市場，透過多元合作，共同打造攸關經濟發展及民生福祉的關鍵產業鏈，促進經濟的共榮發展。
第三，在我們的邦交國，協同當地政府共同面對氣候變遷的挑戰及尋找新的發展機會，打下經濟永續發展的基礎，也為台灣開闢未來的新市場、新生產基地、以及全球布局的新據點。
三、經濟實力的強化
在經濟實力的強化上，我們必須要強力的推動經濟轉型，有效率的執行基礎建設計畫，認真解決五缺問題，並將經濟成長的利益，由全民共享。
（一）經濟轉型
經濟轉型的關鍵在科技。政府正努力朝「系統導向、軟硬整合、軍民合一，以及國際鏈結」四大目標，快速提升科技水準及研發的能量，以作為經濟提升的重要基礎。
我們用新的思維，拆解不合時宜的框架，也鬆綁了阻礙競爭的約束，帶領產業走向新的機遇。
在這當中，「5+2產業創新計畫」已經有效驅動產業升級轉型。導入智慧製造的機械產業，去年產值突破一兆元，精密度跟附加價值也更上一層樓，帶動了航太、物聯網，以及醫材的製造水準。
另外，「非核家園」的目標也確立了綠能發展的藍圖，並吸引國際離岸風電大廠前來投資。連帶地，新的風電產業鏈，正在逐漸形成。
我們也要強化多元的國際布局，產業才有能力在面對變局時，快速調整供應鏈來因應。
行政院已經組成專案小組，協助台商多元布局生產基地。願意回台灣投資的台商，我們鼎力相助，如果希望到其他國家投資布局，我們也會全力支援。
（二）基礎建設
今年，「前瞻基礎建設」第一期特別預算已經開始執行，建設的效益會逐漸展現，對擴大內需的貢獻也在發酵當中。這當中的綠能、數位、水資源、軌道、城鄉，是下一階段台灣要優先投資的基礎建設。
在彰化，透過綠電稅收，政府有了穩定的財政基礎，可以確保學生營養午餐、社會福利實施的財政平衡。
在原鄉部落及偏遠地區，我們鋪設了寬頻建設，讓小朋友透過網路跟世界連結，拉近城鄉差距。
在水資源建設上，透過石門水庫中庄調整池、湖山水庫下游自來水工程、曾文水庫防淤隧道的興建，我們穩定了從北到南的供水。
因為極端氣候強降雨所造成的局部地區淹水問題，也正透過各地滯洪池、人工湖、河川整治和下水道清淤等工程，希望做到快速減災的效果。
在交通建設方面，東部地區，透過蘇花公路改善計畫、南迴公路改善計畫，已經初步看見成果。
大家所關心的軌道建設，連結北部都會區的基隆輕軌、新竹輕軌，串連中部區域的台中山手線，以及捷運綠線延伸彰化方案，還有高雄捷運紅線延伸、黃線新建案等，從南到北，許多新建計畫都已經展開規劃，並陸續進入核定階段。
軌道建設的發展，不僅提供便捷的交通，更能有效減少汽機車造成的空氣污染。
大力推動前瞻基礎建設的目的，就是要改善投資環境、均衡區域發展，為台灣的下一個世代創造更優質的環境和生活。
（三）五缺解決
我們致力改善產業的投資環境。企業所關切的生產元素，包括土地、水、電、人才、勞工的五缺問題，在賴院長「做實事」的態度下，一項又一項逐步解決。
請大家回憶一下，去年夏天，能源供應十分緊張，供電警戒的橘燈一共亮起六十六天。今年夏天，無論天氣和景氣，都比去年熱，但是供電警戒的橘燈一天也沒有亮過，我們度過了供電危機。
大家再回憶一下，今年上半年，西部地區降雨很少，大家都擔心缺水。但是透過開源、節流、調度和備援的措施，再加上前瞻基礎建設計畫，我們也安然度過了挑戰。
前陣子，台積電、華邦電、力晶等大廠，都加碼投資台灣。國際大公司Google、微軟、思科、Facebook，有些準備在台灣設置研發中心，有些是提出新的合作計畫，這都代表了我們改善投資環境的成果，得到了國內外廠商的肯定。
（四）經濟成長利益全民共享
當經濟結構轉型的工程啟動，基礎建設開始興建，投資環境呈現改善的同時，我們看見景氣復甦，台灣經濟也開始穩健成長。
兩年前，我們走出了連續三季的衰退；今年一到五月的失業率，是十八年來同期新低。2017年實質總薪資更創歷史新高，結束薪資倒退十幾年的窘境。
經濟指標變好，當然令人欣喜，但是對政府來說，最重要的事情是，怎麼將經濟成長的紅利，分享給所有人民。
今年，我們把軍公教調高薪資百分之三，帶動企業加薪的風潮。我們也加速調漲基本工資，明年起將達到兩萬三千一百元，終於擺脫了22K。此外，我們也為學貸增加了四年的寬緩期，減輕學貸族的負擔。
明年起生效的租稅改革方案，優化稅制也兼顧租稅公平，大幅調高四大扣除額，未來月薪三萬元以下的民眾，就不用繳個人所得稅。有學齡前兒童的家庭，免稅額也大大提高。
四、健全社會安全體系
2016年，我剛剛就任時，大家最憂慮的就是，房價太高、長輩沒人照顧、育兒負擔沉重、社會治安不佳、毒品氾濫動搖國本等問題。整個國家的社會安全體系，可以說是百廢待舉。因此這兩年來，我們幾乎是用急行軍的速度，來健全社會安全體系。
（一）興辦社會住宅
攸關居住正義問題的社會住宅，透過多元興辦，目前完工和正在興辦中的，已經超過兩萬四千戶。加上後續開工的案件，今年年底總戶數將可達到近三萬五千戶。在問題最嚴峻的雙北市，近兩年已經有超過五千四百戶陸續入住，我也去視察了其中幾個，無論是質或量，都讓人滿意。
（二）推動長照2.0
民眾迫切需要的長照服務，現在升級成「長照2.0」，只要打1966長照專線，就有專人來協助。我們擴大了服務對象和範圍；我們也提高了待遇，使得更多人投入長照服務，增加了服務供給，讓更多家庭的需求被滿足。因為這些努力，接受長照服務人數，最近一年增加超過五成。而接受喘息服務人數，最近一年則增加了一倍。
（三）幼兒照顧機制
生育率低，已經變成國安問題。我們除了提供津貼，更透過「準公共化系統」的建置，朝公共化教保的目標邁進了一大步。目前，準公共化和公共化托育，共可提供平價收托量達到五萬六千人，比過去更加普及。我們的目標很清楚，減輕家長的負擔，生育率就有機會改善。
（四）強化治安與反毒
大家所關心的治安問題，我們透過科技協助，智慧部署警力，犯罪發生數確實呈現下降趨勢。我們也對組織犯罪和詐騙進行全面掃蕩，今年到現在，檢警依違反新修正的《組織犯罪防制條例》，積極打擊包括詐騙集團、幫派在內的各類犯罪組織，起訴超過一千三百人。
今年二月和六月兩波「安居緝毒方案」，查獲各級毒品高達九千七百公斤，所逮捕的製毒者、販毒者和藥頭，加起來超過一千九百人。更在四年內投入一百億的經費，執行「新世紀反毒策略」，將毒品網絡從社會連根拔起。
五、結語：改革不走回頭路
各位國人同胞，國家發展的方向已經在改變。改變並不可怕，因為改變是為了因應世界的變化，讓台灣能夠繼續屹立不搖。
改變也是為了改正過去的錯誤，讓我們把國家交給下一代時，不會再有難以承擔的包袱。所以這兩年多來，我們全力衝刺國政的改革。國家要進步，就不能走回頭路。
年金改革不能走回頭路。因為我們不能讓每一個世代都陷入財務危機的懸崖邊緣。
非核家園也不能走回頭路。這不只是為了核電廠所在的新北和屏東，更是為了世世代代的台灣人，能免於核災的威脅。
轉型正義更不能走回頭路。過去執政者犯了錯誤，現在的政府更要勇敢面對，透過釐清真相，記取教訓，民主才會向前跨大步。
改革也許有陣痛，但是在十年、二十年後，下一代會感謝我們此刻的選擇。這是考驗領導人意志的時刻，我會把這個重擔扛起來，帶領國家往正確的方向走。
在最後，我要特別感謝今天的國歌領唱代表，他們是一群「燈塔守護者」。
我們全國各地的海岸，有三十六座燈塔。有一群人，負責守護著燈塔，維護海上航行的安全。我要代表國家，感謝各位忍受著孤獨和艱難，照亮海岸。
台灣就是一座燈塔。我們的民主轉型，不僅照亮了自己曾經走過的黑暗，也為所有追求民主的人們，提供了暗夜中的光芒。所以，在香港、在中國大陸，以及在世界上各個角落，追求民主的朋友，請往台灣的方向看過來。台灣的民主，會照亮世界！
當世界看見台灣的美好，台灣就不會孤單。我要告訴國際友人，這條路，我們會勇敢堅定地走下去！
台灣的民主也許吵吵鬧鬧，但我們一向因台灣而團結，因團結而堅強。因為這個國家，屬於兩千三百萬人民，這個國家，要完整地傳給世世代代！
我們始終相信，台灣人能用獨特的堅韌，面對從來不曾停止過的內外挑戰，團結起來，讓國家更好，這就是今年國慶的主題，「台灣共好」的最佳寫照。最後，祝大家身體健康，萬事如意，中華民國生日快樂。謝謝大家！
::::::",總統蒞臨中華民國一○七年國慶大會致詞,2018-10-17,蔡英文
23,"堅韌之國前進世界
大會主席蘇嘉全院長、現場各位貴賓、電視機前和網路上的全體國人同胞：大家早安，大家好！
今天，是中華民國一百零八年的國慶日，謝謝來自世界各地的好朋友，跟我們共度這個值得紀念的日子。
一、世局變化大，穩健向前行
去年，也是在國慶日，我和大家說，台灣正處在變局當中。世界貿易局勢的變動、國際政治情勢的變化，都讓未來充滿挑戰。我們必須「求穩、應變、進步」，厚植實力、壯大台灣。
轉眼又過了一年，世界依然快速變化，甚至更加劇烈。美中貿易戰的持續進行；距離我們不遠的香港，因為「一國兩制」的失敗，正處於失序邊緣。
儘管如此，中國依然以「一國兩制台灣方案」，不斷威脅我們，並採取各種文攻武嚇，強烈挑戰了區域的穩定及和平。
各位國人同胞，當自由民主受到挑戰，當中華民國的生存發展受到脅迫，我們就必須站出來捍衛。拒絕「一國兩制」，是兩千三百萬台灣人民不分黨派、不分立場，彼此間最大的共識。
中華民國已經在台灣屹立超過七十年，一旦接受「一國兩制」，中華民國就沒有生存的空間。身為總統，站出來守護國家主權，不是挑釁，而是我最基本的責任。
二、堅韌之國：中華民國台灣
七十年來，我們共同經歷過種種嚴峻的挑戰。每一次挑戰，不但沒有擊倒我們，反而讓我們更強壯、更堅定。
我們一起走過八二三炮戰，一起度過九六年台海危機。一次又一次文攻武嚇，從來就沒有讓台灣人民屈服。我們共同捍衛住腳下這塊土地，也捍衛住國家的主權。
我們經歷過退出聯合國的恐慌，也承受過一次又一次的斷交壓力。但台灣人民想要走向世界的決心，不曾有任何改變。
一九七零年代的石油危機，一九九七年的亞洲金融風暴，千禧年的網路泡沫，還有十年前的金融海嘯。經濟總是充滿挑戰，但一卡皮箱走遍天下的台商，加上勤奮又有創意的台灣人民，讓我們一次又一次，把危機化做轉機，讓台灣的經濟持續往前走。
我們也經歷過八七水災、九二一地震、SARS風暴、八八風災。天災病變的磨難，沒有擊敗過台灣人民奮鬥生存的意志。家園毀壞了，我們重建；土地受傷了，我們復原。擦乾眼淚，重新站起，明天又是充滿希望的一天。
這些共同的記憶，彰顯了台灣人民的韌性。因為有這樣的韌性，我們成為亞洲四小龍的一員。因為這樣的韌性，我們走過了民主化的艱鉅歷程，成為世界上重要的民主典範。
我們共同走過這一段路，無論是哪個黨派，只要是生活在這塊土地上的人民，都不能分割彼此。中華民國不是誰的專利，台灣也不是誰能夠獨占。「中華民國台灣」六個字，既不是藍色、也不是綠色，這就是整個社會最大的共識。
三、團結人民、捍衛民主、壯大台灣
展望未來，前方的挑戰還有很多，等著我們一一克服。
我們看見中國崛起跟擴張，以威權體制，結合民族主義和經濟力量，挑戰自由民主的價值和世界秩序。也因此，處於印太地區戰略前緣的台灣，成為了守護民主價值的第一道防線。
中國利用「銳實力」步步進逼，但我們很清楚，作為區域的重要成員，台灣要善盡國際責任。我們不挑釁、不冒進，結合理念相近的國家，確保台海和平穩定的現狀，不會被片面改變。
要做到這些，我們必須要團結。儘管台灣社會曾經因為族群、世代、信仰、黨派的差異，而出現爭執，但透過對話，我們一定可以找到彼此可以接受的最大公約數。經驗證明，衝突、對話、團結進步，會引導國家往正確的方向前進。
我們也必須堅守自由民主的價值。台灣人民曾經一起走過民主化的艱辛道路，民主偶有紛擾，但只有民主制度，能夠保障得來不易的自由，也才能讓下一代保有決定未來的權利。
我們也必須持續壯大台灣。三年多來，我們努力調整經濟結構，引導產業升級轉型、推動國際多元布局。我們迎來投資大爆發，在全球經濟的變動中，站穩了腳步，方向是對的，我們就要繼續走。
三年多來，我們努力維護社會公平，加薪減稅、全面照顧，讓全民分享經濟成長的果實。未來，推動長照2.0升級，推動幼托補助擴大，減輕民眾負擔，使人人可以享有優質的照顧，是政府要繼續努力的方向。
三年多來，我們推動國防自主、採購先進武器，提升國軍士氣，強化充足戰力。國造高教機的原型機剛剛出廠，國造艦艇也將陸續加入建軍行列。捍衛國土、堅守自由民主，國軍責無旁貸。
三年多來，我們積極參與國際，負責任、肯貢獻，成為維護區域和平穩定，不可或缺的良善力量。我們會持續和理念相近的國家攜手，爭取更多實質合作的機會。
四、未來：屬於世界的台灣
未來的路線很清楚，目標也很明確。
第一，讓國人繼續團結在自由民主的旗幟下，捍衛國家主權。
第二，持續壯大台灣，強化經濟實力，讓民富而國強。
第三，積極走向世界，克服挑戰，讓中華民國台灣在國際舞台上抬頭挺胸，勇敢自信。
上一季，我們的經濟成長率，已經重返亞洲四小龍之首。世界經濟論壇評比我們是四大「超級創新國」之一。我們的高科技和創新產業，也走在世界的最前端。
我們的體育選手、我們的技能國手，無數充滿創意的設計師、藝術家，在國際舞台發光發熱，帶給台灣榮耀和驕傲。
我們自製的福衛五號，以及福衛七號接連升空，展現太空科技實力。就連人類歷史上第一次觀測到的黑洞影像，也有台灣科學團隊的參與。
當我們可以上太空，可以看見五千五百萬光年外的黑洞，那麼，眼前還有什麼挑戰，是我們沒有勇氣面對的？
歷史的磨難，會因為我們的韌性，而被轉化為成長力量。天災的挑戰，會因為我們的努力，而成為再生的契機。這塊土地上每一個人的努力，都讓我們的國家，一天一天變得更好、更進步。
在國慶日這一天，這塊土地上的所有人民，都團結在自由民主的旗幟下，樂觀面對未來、堅定克服挑戰。天佑台灣，台灣加油，中華民國加油。謝謝大家。
::::::",總統蒞臨中華民國一○八年國慶大會致詞,2019-10-16,蔡英文
24,"團結台灣，自信前行
大會主席游錫堃院長、現場各位貴賓、電視機前和網路上的全體國人同胞：大家早安，大家好！
一、防疫成果貢獻國際
今天是中華民國一百零九年的國慶日，今年因為疫情，慶典的規模縮小了，但所有的國人同胞，無論身在何處，都發自內心，慶賀中華民國臺灣，度過了重重挑戰的一年。
2020這一年，在新型冠狀病毒威脅下，無論對台灣或全世界，都是驚濤駭浪的一年。但是，也因為這場全球性的危機，才讓國際社會看見台灣「堅韌之島」的特質和能耐。
我們沒有封城，沒有關閉學校，也是世界上少數還能夠在管制措施下，開打職棒、舉辦大型藝文活動的國家。我們更展現了傲人的國力，將防疫物資送到世界各地。
從今年三月以來，有超過三千三百篇國際媒體報導，都在談論台灣的防疫表現。台灣在國際上的面貌，越來越清晰，比過去任何時期都更加亮眼。
這樣的成就，要歸功於全體台灣人民的團結、合作。除了最辛苦的醫護和檢疫人員，我們也要感謝，製造業攜手投入防疫物資生產，科技業開發APP，藥師朋友、超商員工協助發放口罩，還有所有的民眾，井然有序的配合各項防疫措施。
我們也看到，海外歸來的國人，依規定居家隔離、檢疫。旅館業者提供防疫旅館，租賃車業者提供防疫車隊，餐廳娛樂場所落實實名制規定。因為全國上下一心，我們守住了疫情的防線，讓台灣成為了世界的模範生。
當日本的森喜朗前首相、捷克的韋德齊參議長、美國的阿札爾部長和柯拉克國務次卿，相繼來訪，表達他們對台灣的敬意時，相信許許多多的國人，都感到無比的振奮。
透過因應疫情的挑戰，我們證明了國家在逆境中的生存能力，建立了國民的自信。更重要的是我們團結了，因為我們深刻體會到守護家園的重要。所以這一年，的確是辛苦而險峻的一年，但也是豐收的一年。
今天的大會中，邀請到各行各業的防疫英雄，來為大家領唱國歌。當中有許多我們熟悉的故事，像是賴碧蓮護理師，臉上光榮的口罩壓痕，或是張莞爾護理師，瞞著家人出任務，陪伴血友病少年返台的感人事蹟。
還有更多無名英雄，不曾被報導，因為這一場戰役，有太多人的投入，有說不完的故事。我要請現場的好朋友，用最熱烈的掌聲，再一次給防疫英雄滿滿的感謝，謝謝他們為台灣的付出。
二、新情勢下的經濟戰略
因為疫情控制得當，台灣成為全球少數可以維持經濟正成長的國家，我們也為疫情後的經濟發展，超前部署。「六大核心戰略產業」正在積極規劃推動；前瞻基礎建設計畫，也已經分期編列特別預算，加速進行當中。
最讓我們感到振奮的，是國人及企業，對台灣經濟發展的信心更強了。台灣資本長期外流的趨勢，已經翻轉過來。
我們迎來幾十年來最大規模的資金回流潮，台商返台投資，已超過新台幣一兆元，還有數以千億元計的海外資金，正在陸續匯回；許多外商及知名跨國企業，也在加碼投資台灣。這些，都是現在進行式。
在國際經貿合作的領域中，我們也有不少實質進展。台灣和美國將進行高層經濟對話，在全球供應鏈重組、科技合作、基礎建設等領域，尋求未來合作空間。
上週，台美雙方宣布，已完成簽署「台美基礎建設融資及市場建立合作架構」，雙方將攜手投入美洲，及印太地區基礎建設計畫。台美經濟合作的深化，已進入到行動階段，這也是我們在國際經貿合作上，尋求全面性突破的開始。
不過，我也要提醒國人。全球疫情還沒有結束，疫情帶給各國在經濟、社會層面的複雜挑戰，仍然很嚴峻。
展望未來，還有更艱鉅的挑戰等著我們去克服。疫情後世界經濟的復原，人類生活型態的轉變，全球及區域貿易情勢的劇烈變化，還有經濟秩序的重整，每一項都考驗我們經濟的續航力，以及整體的應變能力。
面對數十年來最大的內、外變局，台灣會持續展現韌性，政府更會掌好舵，朝三大策略方向前進，打造大家所期待的新台灣經濟。
首先，要全力、全方位投入供應鏈的重組。現在，全球供應鏈的快速解構及重組，是不可逆轉的趨勢。各地台商也正在朝向區隔市場、轉移生產基地、回台投資等方向，加速調整。
我們已經在推動的「5+2產業創新」、「六大核心戰略產業」、兆元投資計畫、「新南向政策」、台美經濟合作、參與區域經濟整合等等，都和供應鏈重組息息相關。
我們會將這些相關的政策和計畫串聯起來，並整合政府和民間的資源，以及跨部會的能量，全力、全方位的投入，讓台灣成為全球供應鏈不可或缺的關鍵力量。
第二，要打造台灣成為國際資本、人才及數位技術匯聚的重鎮。未來供應鏈的重組，最關鍵的元素是資本、人才，以及邁向數位經濟時代的核心技術。
我們將會在吸引國際資本跟人才的環境及法制上，持續深化改革，排除障礙。同時，也會透過國際交流、產學合作，以及雙語國家政策的努力，積極培育國內產業人才。
另一方面，我們也會運用台灣在資通訊、半導體、物聯網、人工智慧等優勢，開發及掌握核心技術，加速推動產業及經濟的數位轉型。
第三，要全力落實經濟與社會的均衡發展。疫情後的經濟、產業發展，可能會有失衡的風險，資金供給大幅的增加，也可能帶來後遺症。所以，未來政府會更加重視資源的合理分配，照顧因經濟轉型而受衝擊的弱勢族群，加強促進青年就業，引導資金進行最有效的利用，讓台灣經濟再起的紅利，可以為全體國人所共享。
三、堅實國防維護國家安全
當然，台灣經濟的前景，也有賴於區域的和平穩定。我們很清楚，示弱退讓不會帶來和平，只有自我準備充足，憑藉著堅實的防衛決心和實力，才能保障台灣安全、維護區域和平。
精進國防實力，降低戰爭風險，這是當前國防政策的原則。這段時間，面對對岸機艦騷擾，台海情勢雖然比較緊張，但是我們的國軍，都能夠即時掌握和因應，達成防衛固守的任務。
這幾年來，只要有時間，我就會前往部隊，看看我們的國軍官兵。從高山上的空軍雷達站，到返航靠港的海軍艦隊；從在陣地操練火砲的陸軍部隊，到培養年輕軍士官的學校。
我的目的，不僅是要對這些日夜輪班、保家衛國的軍人，說聲謝謝，更要讓國人知道，國軍是我們的家人，也是國家主權、自由民主最強的後盾。
在跟國軍官兵的互動中，許多故事堅定了我的信心。我還記得，當我到第一線的空軍部隊時，警戒室裡，隨時準備緊急出勤的飛官，充滿信心地告訴我「務必將空防交給空軍」。
我也記得，我在陸軍工訓中心，看到女性軍官，帶領著工兵同袍，展現出「逢山開路、遇水架橋」的氣魄。在海軍水下作業大隊，則有穿戴重裝備的弟兄姊妹，奮勇潛入海底，排除障礙。
這就是中華民國國軍。他們不分前線後勤，不分男女，都是我們的子弟，都有共同守護國家的信念。
這段時間以來，也有國軍弟兄姊妹在執行任務的過程中，為國受傷，甚至殉職。我們感念他們的付出，並且以英勇盡責的國軍為榮。
身為三軍統帥，國軍的未來、未來的國軍，就是我最心心念念的事。
面對對岸的軍事擴張和挑釁，我們會持續強化防衛戰力的現代化，並加速提升不對稱戰力。在外購武器裝備的同時，我們仍然堅持加速推動國防自主，高教機國造、潛艦國造，已經有相當的成效。我們以雙軌並進的方式，來強化防衛實力。
不僅武器裝備性能正在提升，國軍更需要有素質優秀的戰士。除了提升志願從軍的官士兵的專業素養，更要建立有效的後備制度，來強化國軍的人力素質及戰力。
最近這段時間，相信很多被教育召集的後備軍人都覺得，教召變得更加精實。而在常後一體的原則下，接下來，後備動員制度的改革，也將會快速推動。
面對區域的和平穩定受到威脅，我們會堅守「不畏戰，不求戰」的原則，避免擦槍走火。國防部也會適時發布共軍動態，和周邊國家交換資訊，強化安全夥伴角色；也讓國人明瞭台海動態，讓全民國防更加堅實。
四、積極作為參與區域合作
這段時間，我們都密切注意著區域安全情勢的變動。從南海、東海主權爭議，印中衝突，到台海局勢的變動，乃至各國關切的港版國安法實施，印太區域的民主、和平與繁榮，正受到嚴峻的挑戰。
區域內的國家，為了確保自身安全和民主體制，不受到外在因素影響，而展開各種形式的合縱連橫，已經導致這個區域，發生前所未有的情勢變化。
我們要把變局的試煉，轉化成歷史的機遇。我們堅持主權以及守護民主價值的原則，不會改變；但在策略上，也會保持彈性、靈活應變。
情勢在改變，只有超前部署，才能掌握未來，才不會在變局中隨波逐流，甚至被別人決定了命運。
我們將積極參與未來的國際和區域新秩序的建立。我們會秉持「價值同盟」的原則，在國際社會廣結善緣，並且跟理念相近及友我國家，持續提升夥伴關係；我們也會更積極地參與區域及國際的多邊合作和對話。
維持和平及促進繁榮發展，這就是中華民國台灣，在區域中最重要的價值。我們要做良善力量的倡議者，將進步及良善的價值，推廣到全世界。
我也注意到，對岸領導人最近在對聯合國的視訊演說中，公開表示：中國永遠不稱霸，不擴張，不謀求勢力範圍。
在區域國家、乃至於全世界，都擔憂中國擴張霸權的此刻，我們希望，這是一個真正改變的開始。
尤其，在全球高度關注印太及兩岸局勢變化的重要時刻，北京如果能正視台灣的聲音，改變處理兩岸關係的態度，和台灣共同促成兩岸的和解及和平對話，相信一定可以化解區域的緊張局勢。
面對兩岸關係，我們不會冒進，也會堅守原則。維持兩岸關係的穩定，是兩岸共同的利益；但這不是台灣可以單方面承擔，而是雙方共同的責任。
現階段兩岸當務之急，是本於相互尊重、善意理解的態度，共同討論和平相處之道、共存之方；只要北京當局有心化解對立，改善兩岸關係，在符合對等尊嚴的原則下，我們願意共同促成有意義的對話。這就是台灣人民的主張，也是朝野政黨的共識。
五、結語：團結合作共度挑戰
這段時間，我們可以明顯感受到，台灣人民在對外關係以及國家安全的議題上，彼此的距離正在拉近。台灣人民都希望區域的和平繁榮，能夠安定永續。
朝野政黨間也是如此。像是最近在立法院，在野黨提出促進台美關係的議案，獲得朝野黨團支持，無異議通過。還有，六都首長一致對外，共同抗議，成功更正了國際組織矮化台灣的做法。這些都是跨黨派合作，團結表達立場的表現。
我想透過這些例子，呼籲並且邀請國內各個政黨，一起攜手努力。對內，互相競爭，立場針鋒相對，這是民主日常。不過，為了國家的生存發展，為了自由民主的價值，對外，我們都應該團結努力，攜手帶領國家度過挑戰。
就如同過去七十一年來，台灣經歷的一切，困境磨練出我們的堅韌，挑戰激發我們的志氣，一場疫情，可以凝聚出台灣人民團結的意識，給我們繼續前進的勇氣。
我們守住疫情肆虐、發展經濟戰略、穩定區域局勢、捍衛台灣安全，為的是什麼？就是要把一個壯大的國家，留給台灣的下一代。
今年的金曲獎，我們也看到了年輕世代蓬勃的創造力和生命力。他們用各種曲風，自信地唱著自己的母語，呈現對各種議題的價值觀。尤其是《kinakaian母親的舌頭》這張專輯，獲得了「年度專輯獎」的大獎。
這些年輕的創作者，雖然風格各自不同，但都能在舞台上發光發亮，也為台灣的多元文化，做出最好的詮釋。而支撐起這一切的，就是我們民主、自由的環境。
我們現在打拚的一切，就是為了讓下一代、讓世世代代的台灣人，可以在創作上展現自信，也能對土地的文化和價值感到光榮，並勇敢的走向世界。
在中華民國國慶這一天，我們也一起許下願望，願二十年後的台灣人，回想起2020的時候，會想起正是這一年，因為我們在時代中把握機遇，在變局中勇敢前進，克服了挑戰、擺脫了枷鎖，讓他們有真正以自己的意志，選擇未來的機會。
從現在起，就讓我們團結彼此，一步一步，「有路，咱沿路唱歌；無路，咱蹽溪過嶺」，一起朝有光的地方前進，謝謝大家。
::::::",總統蒞臨中華民國一○九年國慶大會致詞,2020-10-14,蔡英文
